ID_site;Bloc;Coupe;Exclos;Analogue;Diam_bas;Diam_api;Longueur ;Classe;Diam_bas_m;Diam_api_m
ACTAEA2;A;totale;avec;2;12,6;12,1;195;1;0,126;0,121
ACTAEA2;A;totale;avec;2;10,6;10,1;105;2;0,106;0,101
ACTAEA2;A;totale;avec;2;10,5;9,9;100;3;0,105;0,099
ACTAEA2;A;totale;avec;2;25;3,9;348;3;0,25;0,039
ACTAEA2;A;totale;avec;2;15,5;13,6;160;3;0,155;0,136
ACTAEA2;A;totale;avec;2;26,9;2,6;520;3;0,269;0,026
ACTAEA2;A;totale;avec;2;12,6;8;684;2;0,126;0,08
ACTAEA2;A;totale;avec;2;9,7;7,5;128;2;0,097;0,075
ACTAEA2;A;totale;avec;2;11,5;7,8;545;2;0,115;0,078
ACTAEA2;A;totale;avec;2;12,6;5,4;510;2;0,126;0,054
ACTAEA2;A;totale;avec;2;12,5;8,8;480;2;0,125;0,088
ACTAEA2;A;totale;avec;2;11,8;10,3;142;2;0,118;0,103
ACTAEA2;A;totale;avec;2;11,2;10,3;195;2;0,112;0,103
ACTAEA2;A;totale;avec;2;10,2;9,7;102;2;0,102;0,097
ACTAEA2;A;totale;avec;2;9,7;9;156;2;0,097;0,09
ACTAEA2;A;totale;avec;2;14,7;11,5;310;3;0,147;0,115
ACTAEA2;A;totale;avec;2;10;9,7;225;2;0,1;0,097
ACTAEA2;A;totale;avec;2;11,1;10,6;105;2;0,111;0,106
ACTAEA3;A;totale;avec;3;13,3;9,9;154;2;0,133;0,099
ACTAEA3;A;totale;avec;3;10,2;9,6;100;2;0,102;0,096
ACTAEA3;A;totale;avec;3;10,2;8,5;420;3;0,102;0,085
ACTAEA3;A;totale;avec;3;13,8;14,9;500;2;0,138;0,149
ACTAEA3;A;totale;avec;3;10;9,6;104;3;0,1;0,096
ACTAEA3;A;totale;avec;3;9,5;9,1;135;3;0,095;0,091
ACTAEA3;A;totale;avec;3;9,6;7,4;447;3;0,096;0,074
ACTAEA3;A;totale;avec;3;16;7;207;3;0,16;0,07
ACTAEA1;A;totale;avec;1;12,1;7,1;687;2;0,121;0,071
ACTAEA1;A;totale;avec;1;12,2;6;860;2;0,122;0,06
ACTAEA1;A;totale;avec;1;11,7;1,8;732;2;0,117;0,018
ACTAEA1;A;totale;avec;1;13;4,4;645;3;0,13;0,044
ACTAEA1;A;totale;avec;1;11,2;6,9;581;3;0,112;0,069
ACTAEA1;A;totale;avec;1;11,5;2,5;1070;2;0,115;0,025
ACTAEA1;A;totale;avec;1;9,7;9,7;102;3;0,097;0,097
ACTAEA1;A;totale;avec;1;9,6;7,2;490;2;0,096;0,072
ACTAEA1;A;totale;avec;1;20,7;12,3;365;3;0,207;0,123
ACTAEA1;A;totale;avec;1;18,2;11,4;485;3;0,182;0,114
ACTAEA1;A;totale;avec;1;11;7,5;500;2;0,11;0,075
ACTSEA2;A;totale;sans;2;12,6;4,5;390;2;0,126;0,045
ACTSEA2;A;totale;sans;2;10,7;7,8;162;2;0,107;0,078
ACTSEA2;A;totale;sans;2;35,1;34,7;132;3;0,351;0,347
ACTSEA2;A;totale;sans;2;14;13,3;197;4;0,14;0,133
ACTSEA2;A;totale;sans;2;11,8;6,7;122;3;0,118;0,067
ACTSEA2;A;totale;sans;2;17,9;17,8;122;3;0,179;0,178
ACTSEA2;A;totale;sans;2;10,4;8,4;108;3;0,104;0,084
ACTSEA3;A;totale;sans;3;30,3;25;172;3;0,303;0,25
ACTSEA3;A;totale;sans;3;14,2;10;270;3;0,142;0,1
ACTSEA3;A;totale;sans;3;36,8;25,2;245;2;0,368;0,252
ACTSEA3;A;totale;sans;3;10,7;6,3;352;2;0,107;0,063
ACTSEA3;A;totale;sans;3;19,1;10,7;140;4;0,191;0,107
ACTSEA3;A;totale;sans;3;26,5;20,9;230;3;0,265;0,209
ACTSEA3;A;totale;sans;3;12,5;11,8;109;3;0,125;0,118
ACTSEA3;A;totale;sans;3;23;20,4;165;4;0,23;0,204
ACTSEA3;A;totale;sans;3;21,5;18,5;137;4;0,215;0,185
ACTSEA1;A;totale;sans;1;18,8;16,4;162;4;0,188;0,164
ACTSEA1;A;totale;sans;1;12,3;8,2;295;4;0,123;0,082
ACTSEA1;A;totale;sans;1;24,9;24,4;365;4;0,249;0,244
ACTSEA1;A;totale;sans;1;9,1;8,1;225;3;0,091;0,081
ACTSEA1;A;totale;sans;1;18,7;18,6;127;4;0,187;0,186
ACTSEA1;A;totale;sans;1;17,3;10,9;221;4;0,173;0,109
ACTSEA1;A;totale;sans;1;23,1;16,3;206;4;0,231;0,163
ACTSEA1;A;totale;sans;1;14,4;11,7;180;3;0,144;0,117
ACTSEA1;A;totale;sans;1;20,3;19,1;125;4;0,203;0,191
ACTSEA1;A;totale;sans;1;21,2;20,1;134;4;0,212;0,201
ACTSEA1;A;totale;sans;1;11,6;11,1;260;3;0,116;0,111
ACTSEA1;A;totale;sans;1;15;11,7;200;2;0,15;0,117
ACTSEA1;A;totale;sans;1;12,4;8,1;395;3;0,124;0,081
ACTSEA1;A;totale;sans;1;38,2;33,4;300;4;0,382;0,334
ACTSEA1;A;totale;sans;1;14,5;8,7;129;3;0,145;0,087
ACTSEA1;A;totale;sans;1;14,1;3,7;995;2;0,141;0,037
ACTSEA1;A;totale;sans;1;10,1;6,9;155;2;0,101;0,069
ACTSEA1;A;totale;sans;1;24,1;22;350;4;0,241;0,22
ACTSEA1;A;totale;sans;1;14,5;12,1;255;2;0,145;0,121
ACTSEA1;A;totale;sans;1;25,2;21,7;245;2;0,252;0,217
BCTAEA3;B;totale;avec;3;11,1;9,4;192;3;0,111;0,094
BCTAEA3;B;totale;avec;3;10,4;9;208;3;0,104;0,09
BCTAEA3;B;totale;avec;3;14,6;5,6;272;3;0,146;0,056
BCTAEA3;B;totale;avec;3;24,8;21;335;4;0,248;0,21
BCTAEA3;B;totale;avec;3;22,4;10;107;3;0,224;0,1
BCTAEA1;B;totale;avec;1;19,1;16,9;102;3;0,191;0,169
BCTAEA1;B;totale;avec;1;34,5;33,6;357;4;0,345;0,336
BCTAEA1;B;totale;avec;1;27,5;25,4;264;4;0,275;0,254
BCTAEA1;B;totale;avec;1;27,4;28,6;116;4;0,274;0,286
BCTAEA1;B;totale;avec;1;16;15,2;146;3;0,16;0,152
BCTAEA1;B;totale;avec;1;19,1;17,3;412;2;0,191;0,173
BCTAEA1;B;totale;avec;1;13,8;8,8;204;2;0,138;0,088
BCTAEA1;B;totale;avec;1;24,5;16,6;206;4;0,245;0,166
BCTAEA1;B;totale;avec;1;14,7;4;328;2;0,147;0,04
BCTAEA2;B;totale;avec;2;18,3;11,12;168;4;0,183;0,1112
BCTAEA2;B;totale;avec;2;12,8;7,8;355;2;0,128;0,078
BCTAEA2;B;totale;avec;2;10,6;8,9;138;3;0,106;0,089
BCTAEA2;B;totale;avec;2;10,7;7,2;172;3;0,107;0,072
BCTAEA2;B;totale;avec;2;11,2;4;500;3;0,112;0,04
BCTAEA2;B;totale;avec;2;29,7;9,9;119;2;0,297;0,099
BCTAEA2;B;totale;avec;2;25;22,6;210;3;0,25;0,226
BCTAEA2;B;totale;avec;2;13,2;6,6;275;3;0,132;0,066
BCTAEA2;B;totale;avec;2;14,8;9,4;148;3;0,148;0,094
BCTAEA2;B;totale;avec;2;24,4;23,1;220;4;0,244;0,231
BCTSEA1;B;totale;sans;1;11,9;9,9;117;3;0,119;0,099
BCTSEA1;B;totale;sans;1;10,1;8,9;107;4;0,101;0,089
BCTSEA1;B;totale;sans;1;17,3;7,3;372;2;0,173;0,073
BCTSEA1;B;totale;sans;1;9,8;8,4;154;4;0,098;0,084
BCTSEA1;B;totale;sans;1;15,6;10,7;305;2;0,156;0,107
BCTSEA1;B;totale;sans;1;20;16,5;233;3;0,2;0,165
BCTSEA1;B;totale;sans;1;9,1;6,1;365;3;0,091;0,061
BCTSEA1;B;totale;sans;1;11,9;7;323;3;0,119;0,07
BCTSEA2;B;totale;sans;2;10,2;8,5;371;2;0,102;0,085
BCTSEA2;B;totale;sans;2;15,7;14,3;162;3;0,157;0,143
BCTSEA2;B;totale;sans;2;9,1;7,9;231;4;0,091;0,079
BCTSEA2;B;totale;sans;2;13,5;11,2;112;3;0,135;0,112
BCTSEA2;B;totale;sans;2;31,2;21,9;130;3;0,312;0,219
BCTSEA2;B;totale;sans;2;9,4;8,9;156;2;0,094;0,089
BCTSEA2;B;totale;sans;2;10,2;2,5;430;2;0,102;0,025
BCTSEA2;B;totale;sans;2;9,3;2,6;448;2;0,093;0,026
BCTSEA3;B;totale;sans;3;19,1;8;341;2;0,191;0,08
BCTSEA3;B;totale;sans;3;9,1;7,8;213;3;0,091;0,078
BCTSEA3;B;totale;sans;3;20,5;16,9;132;3;0,205;0,169
BCTSEA3;B;totale;sans;3;9;7,9;239;3;0,09;0,079
BCTSEA3;B;totale;sans;3;26,3;20,3;112;3;0,263;0,203
BCTSEA3;B;totale;sans;3;14,4;13,3;216;2;0,144;0,133
BCTSEA3;B;totale;sans;3;12,5;11,3;126;4;0,125;0,113
BCTSEA3;B;totale;sans;3;14,7;11,2;119;4;0,147;0,112
BCTSEA3;B;totale;sans;3;11,6;9,1;135;2;0,116;0,091
BCTSEA3;B;totale;sans;3;13,4;11,3;340;3;0,134;0,113
BCTSEA3;B;totale;sans;3;9,4;7,6;168;3;0,094;0,076
BCTSEA3;B;totale;sans;3;13,3;9;176;3;0,133;0,09
BCTSEA3;B;totale;sans;3;10,8;8,1;221;3;0,108;0,081
BCTSEA3;B;totale;sans;3;11,7;4,2;316;2;0,117;0,042
BCTSEA3;B;totale;sans;3;9,2;8,1;186;2;0,092;0,081
CCTAEA3;C;totale;avec;3;13,3;7,6;161;2;0,133;0,076
CCTAEA3;C;totale;avec;3;10,2;5,2;202;2;0,102;0,052
CCTAEA3;C;totale;avec;3;11,9;7,7;181;2;0,119;0,077
CCTAEA3;C;totale;avec;3;15,3;14,9;106;3;0,153;0,149
CCTAEA3;C;totale;avec;3;11,1;7,3;141;3;0,111;0,073
CCTAEA3;C;totale;avec;3;9,2;5,8;144;2;0,092;0,058
CCTAEA3;C;totale;avec;3;11,8;9,5;206;2;0,118;0,095
CCTAEA3;C;totale;avec;3;9,8;2,5;153;3;0,098;0,025
CCTAEA3;C;totale;avec;3;15,3;12,2;116;3;0,153;0,122
CCTAEA3;C;totale;avec;3;9,4;7,3;135;3;0,094;0,073
CCTAEA1;C;totale;avec;1;19,6;15,8;131;3;0,196;0,158
CCTAEA1;C;totale;avec;1;14,3;15;199;3;0,143;0,15
CCTAEA1;C;totale;avec;1;14,4;7;174;3;0,144;0,07
CCTAEA1;C;totale;avec;1;10,5;7,1;252;4;0,105;0,071
CCTAEA1;C;totale;avec;1;10,8;6,3;151;3;0,108;0,063
CCTAEA1;C;totale;avec;1;9,1;6,8;124;3;0,091;0,068
CCTAEA1;C;totale;avec;1;10,5;9,1;238;2;0,105;0,091
CCTAEA1;C;totale;avec;1;13,9;9,4;192;3;0,139;0,094
CCTAEA2;C;totale;avec;2;9,7;8,7;123;3;0,097;0,087
CCTAEA2;C;totale;avec;2;10,7;8,9;188;2;0,107;0,089
CCTAEA2;C;totale;avec;2;13,1;12,2;108;3;0,131;0,122
CCTAEA2;C;totale;avec;2;9,1;6,7;182;3;0,091;0,067
CCTAEA2;C;totale;avec;2;9,1;2,9;127;3;0,091;0,029
CT3;C;temoin;temoin;3;13,2;3,8;1245;3;0,132;0,038
CT3;C;temoin;temoin;3;13,1;3,2;1245;3;0,131;0,032
CT3;C;temoin;temoin;3;20,7;6,4;1245;3;0,207;0,064
CT3;C;temoin;temoin;3;11,7;0,5;871;3;0,117;0,005
CT3;C;temoin;temoin;3;11;8,2;172;3;0,11;0,082
CT3;C;temoin;temoin;3;20,7;4,2;1523;3;0,207;0,042
CT3;C;temoin;temoin;3;25,8;4,3;1523;3;0,258;0,043
CT3;C;temoin;temoin;3;13,7;4,2;1523;3;0,137;0,042
CT3;C;temoin;temoin;3;12,3;3,7;565;2;0,123;0,037
CT3;C;temoin;temoin;3;20;10,3;385;3;0,2;0,103
CT3;C;temoin;temoin;3;11,6;6,9;250;4;0,116;0,069
CT3;C;temoin;temoin;3;26,8;15,6;380;2;0,268;0,156
CT3;C;temoin;temoin;3;16,2;0,6;135;3;0,162;0,006
CCTSEA1;C;totale;sans;1;11;9,3;175;2;0,11;0,093
CCTSEA1;C;totale;sans;1;13,9;9,4;141;3;0,139;0,094
CCTSEA1;C;totale;sans;1;20,8;18,3;118;2;0,208;0,183
CCTSEA1;C;totale;sans;1;10;5,4;222;3;0,1;0,054
CCTSEA1;C;totale;sans;1;14,6;5;185;3;0,146;0,05
CCTSEA1;C;totale;sans;1;12;4;175;3;0,12;0,04
CCTSEA1;C;totale;sans;1;20,9;15,8;172;2;0,209;0,158
CCTSEA2;C;totale;sans;2;11,3;8,4;276;4;0,113;0,084
CCTSEA2;C;totale;sans;2;18,4;1,6;183;2;0,184;0,016
CCTSEA2;C;totale;sans;2;11,7;4,6;105;3;0,117;0,046
CCTSEA2;C;totale;sans;2;19,9;18,6;110;3;0,199;0,186
CCTSEA2;C;totale;sans;2;9,5;5,8;680;3;0,095;0,058
CCTSEA2;C;totale;sans;2;9,9;7,1;255;3;0,099;0,071
CCTSEA2;C;totale;sans;2;13;8,1;437;2;0,13;0,081
CCTSEA2;C;totale;sans;2;10,7;11,7;105;4;0,107;0,117
CCTSEA2;C;totale;sans;2;9,8;8,1;280;3;0,098;0,081
CCTSEA2;C;totale;sans;2;9,4;8,2;137;3;0,094;0,082
CCTSEA2;C;totale;sans;2;9,3;6,3;118;3;0,093;0,063
CCTSEA2;C;totale;sans;2;28,3;25,7;189;3;0,283;0,257
CCTSEA3;C;totale;sans;3;10,5;10,3;131;4;0,105;0,103
CCTSEA3;C;totale;sans;3;10,5;10,1;219;3;0,105;0,101
CCTSEA3;C;totale;sans;3;9,2;6,2;369;2;0,092;0,062
CCTSEA3;C;totale;sans;3;9,5;7,3;153;3;0,095;0,073
CCTSEA3;C;totale;sans;3;13,8;9,5;212;3;0,138;0,095
CCTSEA3;C;totale;sans;3;10,9;1,4;184;2;0,109;0,014
CCTSEA3;C;totale;sans;3;12,2;11;128;4;0,122;0,11
CCTSEA3;C;totale;sans;3;13;1,9;142;2;0,13;0,019
DCTAEA1;D;totale;avec;1;18,1;16,5;147;3;0,181;0,165
DCTAEA1;D;totale;avec;1;20,9;18,3;132;3;0,209;0,183
DCTAEA1;D;totale;avec;1;26,5;10,3;139;3;0,265;0,103
DCTAEA1;D;totale;avec;1;15,4;9,9;149;4;0,154;0,099
DCTAEA1;D;totale;avec;1;19,7;19,3;334;3;0,197;0,193
DCTAEA1;D;totale;avec;1;12,2;9,1;160;2;0,122;0,091
DCTAEA1;D;totale;avec;1;12,8;6,7;231;2;0,128;0,067
DCTAEA1;D;totale;avec;1;9,3;3,1;271;4;0,093;0,031
DCTAEA1;D;totale;avec;1;12,3;10,4;394;3;0,123;0,104
DCTAEA1;D;totale;avec;1;9,5;8,5;295;3;0,095;0,085
DCTAEA1;D;totale;avec;1;12,4;10,7;242;4;0,124;0,107
DCTAEA1;D;totale;avec;1;22,2;17,8;143;4;0,222;0,178
DCTAEA1;D;totale;avec;1;28,1;19,3;220;3;0,281;0,193
DCTAEA1;D;totale;avec;1;13,2;11;134;3;0,132;0,11
DCTAEA1;D;totale;avec;1;23,6;22,4;219;3;0,236;0,224
DCTAEA1;D;totale;avec;1;29,7;25,4;218;3;0,297;0,254
DCTAEA1;D;totale;avec;1;14,4;9,7;112;4;0,144;0,097
DCTAEA1;D;totale;avec;1;9,7;10,3;272;3;0,097;0,103
DCTAEA1;D;totale;avec;1;20;18,3;187;3;0,2;0,183
DCTAEA1;D;totale;avec;1;10;8,7;173;2;0,1;0,087
DCTAEA1;D;totale;avec;1;19,9;18,8;240;4;0,199;0,188
DCTAEA1;D;totale;avec;1;11,8;11,2;106;3;0,118;0,112
DCTAEA1;D;totale;avec;1;35,2;20,9;353;2;0,352;0,209
DCTAEA1;D;totale;avec;1;17;11,4;109;4;0,17;0,114
DCTAEA1;D;totale;avec;1;16,1;15,2;121;3;0,161;0,152
DCTAEA1;D;totale;avec;1;17,5;16;123;3;0,175;0,16
DCTAEA1;D;totale;avec;1;9,2;7,1;220;3;0,092;0,071
DCTAEA1;D;totale;avec;1;20,1;19,8;137;3;0,201;0,198
DCTAEA1;D;totale;avec;1;20,5;19,2;264;4;0,205;0,192
DCTAEA1;D;totale;avec;1;20,1;19,3;141;3;0,201;0,193
DCTAEA1;D;totale;avec;1;18,5;17,7;103;4;0,185;0,177
DCTAEA1;D;totale;avec;1;24,1;21,4;488;3;0,241;0,214
DCTAEA1;D;totale;avec;1;19,7;19,4;227;2;0,197;0,194
DCTAEA1;D;totale;avec;1;12,7;11,6;184;3;0,127;0,116
DCTAEA1;D;totale;avec;1;13;4,9;332;3;0,13;0,049
DCTAEA1;D;totale;avec;1;6,1;3,7;330;3;0,061;0,037
DCTAEA1;D;totale;avec;1;9,2;6,9;125;3;0,092;0,069
DCTAEA1;D;totale;avec;1;11,2;9,8;330;3;0,112;0,098
DCTAEA1;D;totale;avec;1;22,9;12,4;405;2;0,229;0,124
DCTAEA1;D;totale;avec;1;12,4;6,9;305;2;0,124;0,069
DCTAEA1;D;totale;avec;1;14,6;6,7;221;2;0,146;0,067
DCTAEA1;D;totale;avec;1;11,8;3,2;552;3;0,118;0,032
DCTAEA1;D;totale;avec;1;13,3;13,1;113;4;0,133;0,131
DCTAEA1;D;totale;avec;1;23,6;21,1;108;4;0,236;0,211
DCTAEA1;D;totale;avec;1;13,9;11,8;118;4;0,139;0,118
DCTAEA1;D;totale;avec;1;18,8;9,8;103;3;0,188;0,098
DCTAEA1;D;totale;avec;1;11,6;3,2;550;2;0,116;0,032
DCTAEA1;D;totale;avec;1;10,3;10,1;102;2;0,103;0,101
DCTAEA1;D;totale;avec;1;14,7;9,2;177;4;0,147;0,092
DCTAEA1;D;totale;avec;1;13,9;10,5;146;3;0,139;0,105
DCTAEA1;D;totale;avec;1;13,4;7,1;506;2;0,134;0,071
DCTAEA1;D;totale;avec;1;13,5;7,6;145;3;0,135;0,076
DCTAEA1;D;totale;avec;1;11,6;17,7;175;2;0,116;0,177
DCTAEA1;D;totale;avec;1;12,1;9;220;3;0,121;0,09
DCTAEA1;D;totale;avec;1;30;9,6;127;3;0,3;0,096
DCTAEA1;D;totale;avec;1;16,3;11,1;325;3;0,163;0,111
DCTAEA1;D;totale;avec;1;19,2;13,2;420;2;0,192;0,132
DCTAEA1;D;totale;avec;1;15,7;5;330;3;0,157;0,05
DCTAEA1;D;totale;avec;1;8;4,4;185;3;0,08;0,044
DCTAEA3;D;totale;avec;3;15,5;7,6;208;3;0,155;0,076
DCTAEA3;D;totale;avec;3;9,9;9,7;208;2;0,099;0,097
DCTAEA3;D;totale;avec;3;14,3;10;142;3;0,143;0,1
DCTAEA3;D;totale;avec;3;23,1;15,9;568;3;0,231;0,159
DCTAEA3;D;totale;avec;3;20,3;18,2;168;3;0,203;0,182
DCTAEA3;D;totale;avec;3;10,8;7,6;153;2;0,108;0,076
DCTAEA3;D;totale;avec;3;9,2;8,4;121;2;0,092;0,084
DCTAEA3;D;totale;avec;3;16,4;15,9;142;2;0,164;0,159
DCTAEA3;D;totale;avec;3;18,9;11,9;124;2;0,189;0,119
DCTAEA3;D;totale;avec;3;20,9;19,1;102;3;0,209;0,191
DCTAEA3;D;totale;avec;3;24,4;15,1;219;3;0,244;0,151
DCTAEA3;D;totale;avec;3;12,3;5,3;350;4;0,123;0,053
DCTAEA3;D;totale;avec;3;14,1;6,1;350;3;0,141;0,061
DCTAEA3;D;totale;avec;3;12,3;8,2;194;2;0,123;0,082
DCTAEA3;D;totale;avec;3;12,3;9,1;208;2;0,123;0,091
DCTAEA3;D;totale;avec;3;10,3;12,7;171;3;0,103;0,127
DCTAEA3;D;totale;avec;3;9,3;6,3;225;4;0,093;0,063
DCTAEA3;D;totale;avec;3;11,1;6,8;303;2;0,111;0,068
DCTAEA3;D;totale;avec;3;14,1;9,4;173;2;0,141;0,094
DCTAEA3;D;totale;avec;3;26,3;23,7;180;2;0,263;0,237
DCTAEA3;D;totale;avec;3;13,7;8,9;460;2;0,137;0,089
DCTAEA3;D;totale;avec;3;11,8;7,4;460;2;0,118;0,074
DCTAEA3;D;totale;avec;3;13,6;5,4;460;4;0,136;0,054
DCTAEA3;D;totale;avec;3;11,3;2,6;460;3;0,113;0,026
DCTAEA3;D;totale;avec;3;14,2;4;460;4;0,142;0,04
DCTAEA3;D;totale;avec;3;10,4;9,2;303;2;0,104;0,092
DCTAEA3;D;totale;avec;3;9,6;6,7;178;3;0,096;0,067
DCTAEA3;D;totale;avec;3;12,4;6,1;130;2;0,124;0,061
DCTAEA3;D;totale;avec;3;11,8;4,5;243;3;0,118;0,045
DCTAEA3;D;totale;avec;3;31,3;31;110;3;0,313;0,31
DCTAEA3;D;totale;avec;3;22,8;12,8;145;3;0,228;0,128
DCTAEA3;D;totale;avec;3;21,9;17,8;198;2;0,219;0,178
DCTAEA3;D;totale;avec;3;30,7;27,9;108;3;0,307;0,279
DCTAEA3;D;totale;avec;3;10,9;8,6;279;3;0,109;0,086
DCTAEA3;D;totale;avec;3;9,1;6;193;4;0,091;0,06
DCTAEA3;D;totale;avec;3;19,2;17,7;209;4;0,192;0,177
DCTAEA3;D;totale;avec;3;13,7;11;133;3;0,137;0,11
DCTAEA3;D;totale;avec;3;14,7;14,6;465;3;0,147;0,146
DCTAEA3;D;totale;avec;3;10,2;7,6;120;3;0,102;0,076
DCTAEA3;D;totale;avec;3;41,9;30,7;130;3;0,419;0,307
DCTAEA3;D;totale;avec;3;20,4;19,7;127;3;0,204;0,197
DCTAEA3;D;totale;avec;3;17;13,7;142;3;0,17;0,137
DCTAEA3;D;totale;avec;3;18;12,9;187;4;0,18;0,129
DCTAEA3;D;totale;avec;3;13,6;12,8;106;4;0,136;0,128
DCTAEA3;D;totale;avec;3;18,6;18,5;124;3;0,186;0,185
DCTAEA3;D;totale;avec;3;18,5;16,1;124;3;0,185;0,161
DCTAEA3;D;totale;avec;3;11,4;7,7;325;2;0,114;0,077
DCTAEA3;D;totale;avec;3;9,5;7,2;346;4;0,095;0,072
DCTAEA3;D;totale;avec;3;9,4;4;438;4;0,094;0,04
DCTAEA3;D;totale;avec;3;16,1;10;299;2;0,161;0,1
DCTAEA3;D;totale;avec;3;14,1;13;141;4;0,141;0,13
DCTAEA3;D;totale;avec;3;12,1;9,6;158;3;0,121;0,096
DCTAEA3;D;totale;avec;3;16,7;14,3;154;3;0,167;0,143
DCTAEA3;D;totale;avec;3;23;15,9;492;4;0,23;0,159
DCTAEA3;D;totale;avec;3;20,7;15,9;154;3;0,207;0,159
DCTAEA3;D;totale;avec;3;14,3;14,1;186;3;0,143;0,141
DCTAEA3;D;totale;avec;3;11,7;9,4;144;3;0,117;0,094
DCTAEA3;D;totale;avec;3;11,7;8,9;194;2;0,117;0,089
DCTAEA3;D;totale;avec;3;19,9;18,4;106;4;0,199;0,184
DCTAEA3;D;totale;avec;3;14,6;11;175;4;0,146;0,11
DCTAEA3;D;totale;avec;3;23,8;22,6;109;3;0,238;0,226
DCTAEA3;D;totale;avec;3;10,3;8,7;190;3;0,103;0,087
DCTAEA3;D;totale;avec;3;9,7;9,1;173;2;0,097;0,091
DCTAEA2;D;totale;avec;2;14,6;14,2;106;3;0,146;0,142
DCTAEA2;D;totale;avec;2;9,6;8;220;3;0,096;0,08
DCTAEA2;D;totale;avec;2;11;10,5;124;3;0,11;0,105
DCTAEA2;D;totale;avec;2;14,2;12,2;175;3;0,142;0,122
DCTAEA2;D;totale;avec;2;9,8;9,3;131;4;0,098;0,093
DCTAEA2;D;totale;avec;2;26,7;18,3;205;3;0,267;0,183
DCTAEA2;D;totale;avec;2;12,2;9,1;380;4;0,122;0,091
DCTAEA2;D;totale;avec;2;9,1;8,5;106;2;0,091;0,085
DCTAEA2;D;totale;avec;2;13,2;10,2;153;3;0,132;0,102
DCTAEA2;D;totale;avec;2;10,1;6,3;192;3;0,101;0,063
DCTAEA2;D;totale;avec;2;10,9;9,7;204;3;0,109;0,097
DCTAEA2;D;totale;avec;2;9,6;6,3;254;2;0,096;0,063
DCTAEA2;D;totale;avec;2;10,7;7,2;228;4;0,107;0,072
DCTAEA2;D;totale;avec;2;10,2;11,1;140;4;0,102;0,111
DCTAEA2;D;totale;avec;2;11,4;9,1;132;3;0,114;0,091
DCTAEA2;D;totale;avec;2;23,6;17,9;182;3;0,236;0,179
DCTAEA2;D;totale;avec;2;13,5;7,6;292;4;0,135;0,076
DCTAEA2;D;totale;avec;2;12,8;12,6;107;2;0,128;0,126
DCTAEA2;D;totale;avec;2;18,7;14;144;2;0,187;0,14
DCTAEA2;D;totale;avec;2;15,9;14,3;261;4;0,159;0,143
DCTAEA2;D;totale;avec;2;10,7;8;114;3;0,107;0,08
DCTAEA2;D;totale;avec;2;10,4;5,3;156;2;0,104;0,053
DCTAEA2;D;totale;avec;2;14,2;10,5;245;2;0,142;0,105
DCTAEA2;D;totale;avec;2;17,3;14,2;160;2;0,173;0,142
DCTAEA2;D;totale;avec;2;13,3;11,9;105;4;0,133;0,119
DCTAEA2;D;totale;avec;2;20,4;17,1;177;2;0,204;0,171
DCTAEA2;D;totale;avec;2;24,9;19,1;400;3;0,249;0,191
DCTAEA2;D;totale;avec;2;16,6;16,4;132;3;0,166;0,164
DCTAEA2;D;totale;avec;2;13,9;10,9;140;2;0,139;0,109
DCTSEA3;D;totale;sans;3;16,6;16,4;138;4;0,166;0,164
DCTSEA3;D;totale;sans;3;10;7,9;238;3;0,1;0,079
DCTSEA3;D;totale;sans;3;9,5;9,4;137;2;0,095;0,094
DCTSEA3;D;totale;sans;3;20,4;19,5;219;4;0,204;0,195
DCTSEA3;D;totale;sans;3;29,7;23,8;121;4;0,297;0,238
DCTSEA3;D;totale;sans;3;21,4;19,1;127;4;0,214;0,191
DCTSEA3;D;totale;sans;3;15,4;14,1;102;3;0,154;0,141
DCTSEA3;D;totale;sans;3;28,5;23,6;574;2;0,285;0,236
DCTSEA3;D;totale;sans;3;18,5;15,4;184;3;0,185;0,154
DCTSEA3;D;totale;sans;3;23,6;20,7;112;3;0,236;0,207
DCTSEA3;D;totale;sans;3;10,5;9,2;206;4;0,105;0,092
DCTSEA3;D;totale;sans;3;17,9;16,8;146;3;0,179;0,168
DCTSEA1;D;totale;sans;1;10,2;9,6;161;2;0,102;0,096
DCTSEA1;D;totale;sans;1;9;5,1;113;2;0,09;0,051
DCTSEA1;D;totale;sans;1;23,8;20,8;155;3;0,238;0,208
DCTSEA1;D;totale;sans;1;14,6;8,9;314;2;0,146;0,089
DCTSEA1;D;totale;sans;1;10,1;9,7;166;2;0,101;0,097
DCTSEA1;D;totale;sans;1;24,4;10,4;313;3;0,244;0,104
DCTSEA1;D;totale;sans;1;18,3;7,7;101;4;0,183;0,077
DCTSEA1;D;totale;sans;1;12,6;10,8;100;4;0,126;0,108
DCTSEA1;D;totale;sans;1;10,1;9,8;133;4;0,101;0,098
DCTSEA1;D;totale;sans;1;18,5;18,2;144;2;0,185;0,182
DCTSEA1;D;totale;sans;1;9,8;7,3;200;3;0,098;0,073
DCTSEA1;D;totale;sans;1;9,1;8,1;337;2;0,091;0,081
DCTSEA1;D;totale;sans;1;13,4;9,1;213;4;0,134;0,091
DCTSEA1;D;totale;sans;1;21,9;10,3;432;3;0,219;0,103
DCTSEA1;D;totale;sans;1;19,4;15,7;154;2;0,194;0,157
DCTSEA1;D;totale;sans;1;25,4;19,4;183;4;0,254;0,194
DCTSEA1;D;totale;sans;1;13,7;12,3;141;2;0,137;0,123
DCTSEA2;D;totale;sans;2;11,8;8,4;174;2;0,118;0,084
DCTSEA2;D;totale;sans;2;16,4;8,7;445;3;0,164;0,087
DCTSEA2;D;totale;sans;2;9;6,9;224;4;0,09;0,069
DCTSEA2;D;totale;sans;2;16,7;9,9;335;3;0,167;0,099
DCTSEA2;D;totale;sans;2;18,9;17,1;307;2;0,189;0,171
DCTSEA2;D;totale;sans;2;9,7;8,1;143;3;0,097;0,081
DCTSEA2;D;totale;sans;2;9,6;8,6;134;4;0,096;0,086
DCTSEA2;D;totale;sans;2;9,8;9,7;110;3;0,098;0,097
DCTSEA2;D;totale;sans;2;16,4;4,1;328;2;0,164;0,041
DCTSEA2;D;totale;sans;2;13,4;3,6;626;3;0,134;0,036
DCTSEA2;D;totale;sans;2;9,8;5,7;246;2;0,098;0,057
DCTSEA2;D;totale;sans;2;12,3;4,9;142;3;0,123;0,049
DCTSEA2;D;totale;sans;2;25,6;10,9;118;3;0,256;0,109
DCTSEA2;D;totale;sans;2;12,4;10;310;2;0,124;0,1
DCTSEA2;D;totale;sans;2;39,4;29,7;230;4;0,394;0,297
DCTSEA2;D;totale;sans;2;14,2;11,1;146;4;0,142;0,111
DCTSEA2;D;totale;sans;2;16,2;8,3;255;3;0,162;0,083
DCTSEA2;D;totale;sans;2;16,8;13,6;124;2;0,168;0,136
DCTSEA2;D;totale;sans;2;12,6;3,5;375;3;0,126;0,035
DCTSEA2;D;totale;sans;2;20,1;18;119;4;0,201;0,18
DCTSEA2;D;totale;sans;2;24,9;22,3;139;3;0,249;0,223
DCTSEA2;D;totale;sans;2;24,9;22,9;164;4;0,249;0,229
ACPSEA3;A;partielle;sans;3;11,4;9,9;134;2;0,114;0,099
ACPSEA3;A;partielle;sans;3;10,5;6,5;739;2;0,105;0,065
ACPSEA3;A;partielle;sans;3;16,5;10,6;232;2;0,165;0,106
ACPSEA3;A;partielle;sans;3;24;21;363;3;0,24;0,21
ACPSEA3;A;partielle;sans;3;25;14,9;265;3;0,25;0,149
ACPSEA3;A;partielle;sans;3;14,6;11,3;297;2;0,146;0,113
ACPSEA3;A;partielle;sans;3;13,7;7,7;398;3;0,137;0,077
ACPSEA3;A;partielle;sans;3;32,3;25,5;260;4;0,323;0,255
ACPSEA3;A;partielle;sans;3;18,7;13,5;500;2;0,187;0,135
ACPSEA3;A;partielle;sans;3;20,5;13,4;226;2;0,205;0,134
ACPSEA3;A;partielle;sans;3;39,8;24;414;4;0,398;0,24
ACPSEA3;A;partielle;sans;3;43,6;28,9;140;3;0,436;0,289
ACPSEA3;A;partielle;sans;3;26,2;23,6;138;4;0,262;0,236
ACPSEA3;A;partielle;sans;3;15,2;8,1;337;4;0,152;0,081
ACPSEA3;A;partielle;sans;3;21,6;20,4;110;4;0,216;0,204
ACPSEA3;A;partielle;sans;3;12,3;7,9;106;2;0,123;0,079
ACPSEA3;A;partielle;sans;3;11,8;7,6;295;2;0,118;0,076
ACPSEA2;A;partielle;sans;2;14;8,7;338;2;0,14;0,087
ACPSEA2;A;partielle;sans;2;9;7,3;327;2;0,09;0,073
ACPSEA2;A;partielle;sans;2;32,1;23,6;240;2;0,321;0,236
ACPSEA2;A;partielle;sans;2;43,9;35,7;304;4;0,439;0,357
ACPSEA2;A;partielle;sans;2;34,5;26,9;296;4;0,345;0,269
ACPSEA2;A;partielle;sans;2;27,8;17;143;3;0,278;0,17
ACPSEA2;A;partielle;sans;2;25,1;24,6;159;4;0,251;0,246
ACPSEA2;A;partielle;sans;2;15,5;12,1;108;4;0,155;0,121
ACPSEA2;A;partielle;sans;2;11,5;9,2;169;3;0,115;0,092
ACPSEA2;A;partielle;sans;2;11,5;9,2;169;3;0,115;0,092
ACPSEA2;A;partielle;sans;2;11,5;9,2;169;3;0,115;0,092
ACPSEA2;A;partielle;sans;2;11,4;8,9;254;1;0,114;0,089
ACPSEA2;A;partielle;sans;2;15,1;11,5;173;1;0,151;0,115
ACPSEA2;A;partielle;sans;2;10,2;8,9;107;3;0,102;0,089
ACPSEA2;A;partielle;sans;2;15,1;10,6;427;4;0,151;0,106
ACPSEA2;A;partielle;sans;2;17;14,2;153;2;0,17;0,142
ACPSEA2;A;partielle;sans;2;9,7;9,1;200;3;0,097;0,091
ACPSEA1;A;partielle;sans;1;9,8;9,1;264;4;0,098;0,091
ACPSEA1;A;partielle;sans;1;23,9;18,7;330;3;0,239;0,187
ACPSEA1;A;partielle;sans;1;10,3;7,4;233;3;0,103;0,074
ACPSEA1;A;partielle;sans;1;13,8;12,3;13,5;2;0,138;0,123
ACPSEA1;A;partielle;sans;1;11,1;10,1;125;2;0,111;0,101
ACPSEA1;A;partielle;sans;1;17,5;14,5;218;4;0,175;0,145
ACPSEA1;A;partielle;sans;1;25,1;21,3;240;4;0,251;0,213
ACPSEA1;A;partielle;sans;1;12,3;12,2;138;4;0,123;0,122
ACPSEA1;A;partielle;sans;1;40;20,2;212;2;0,4;0,202
ACPSEA1;A;partielle;sans;1;24,5;10,5;1208;4;0,245;0,105
ACPSEA1;A;partielle;sans;1;19,1;17,5;380;3;0,191;0,175
ACPSEA1;A;partielle;sans;1;23,7;19,2;124;3;0,237;0,192
ACPSEA1;A;partielle;sans;1;26,1;22,8;170;2;0,261;0,228
ACPSEA1;A;partielle;sans;1;18,8;16,1;440;3;0,188;0,161
ACPSEA1;A;partielle;sans;1;20;17,2;185;3;0,2;0,172
ACPSEA1;A;partielle;sans;1;45,4;33,2;514;3;0,454;0,332
ACPSEA1;A;partielle;sans;1;34,3;34,1;164;4;0,343;0,341
ACPSEA1;A;partielle;sans;1;10,9;9,4;215;2;0,109;0,094
ACPSEA1;A;partielle;sans;1;30,9;29,2;168;3;0,309;0,292
ACPSEA1;A;partielle;sans;1;20,2;20,2;235;3;0,202;0,202
AT1;A;temoin;temoin;1;16,8;1,8;1508;1;0,168;0,018
AT1;A;temoin;temoin;1;22,8;9,3;873;2;0,228;0,093
AT1;A;temoin;temoin;1;19;5,4;875;2;0,19;0,054
AT1;A;temoin;temoin;1;15,2;7,2;832;3;0,152;0,072
AT1;A;temoin;temoin;1;22,1;12,2;835;3;0,221;0,122
AT1;A;temoin;temoin;1;19,2;13,1;240;3;0,192;0,131
AT1;A;temoin;temoin;1;31,2;15,7;1160;1;0,312;0,157
AT1;A;temoin;temoin;1;36,3;13,4;1600;3;0,363;0,134
AT1;A;temoin;temoin;1;21,7;31,8;114;3;0,217;0,318
AT1;A;temoin;temoin;1;9,4;7,4;208;3;0,094;0,074
AT1;A;temoin;temoin;1;13,6;3;711;3;0,136;0,03
AT1;A;temoin;temoin;1;10;3,3;270;2;0,1;0,033
ACPAEA3;A;partielle;avec;3;10,1;5,2;258;3;0,101;0,052
ACPAEA3;A;partielle;avec;3;11,3;4,9;966;2;0,113;0,049
ACPAEA3;A;partielle;avec;3;18,2;15,9;436;4;0,182;0,159
ACPAEA3;A;partielle;avec;3;9,3;6,2;730;2;0,093;0,062
ACPAEA3;A;partielle;avec;3;14,4;12,3;164;3;0,144;0,123
ACPAEA3;A;partielle;avec;3;12,3;12,2;273;3;0,123;0,122
ACPAEA3;A;partielle;avec;3;14,1;13;113;2;0,141;0,13
ACPAEA3;A;partielle;avec;3;15,9;14,6;137;3;0,159;0,146
ACPAEA3;A;partielle;avec;3;11,5;7,9;520;2;0,115;0,079
ACPAEA3;A;partielle;avec;3;8,2;6,9;590;2;0,082;0,069
ACPAEA3;A;partielle;avec;3;17,6;13,7;104;4;0,176;0,137
ACPAEA3;A;partielle;avec;3;17,7;12,5;330;3;0,177;0,125
ACPAEA3;A;partielle;avec;3;12,1;10,2;104;2;0,121;0,102
ACPAEA3;A;partielle;avec;3;17,3;7,3;910;3;0,173;0,073
ACPAEA3;A;partielle;avec;3;12,3;8,3;170;4;0,123;0,083
ACPAEA3;A;partielle;avec;3;19,9;3,6;1540;3;0,199;0,036
ACPAEA3;A;partielle;avec;3;11,2;6,7;915;3;0,112;0,067
ACPAEA3;A;partielle;avec;3;11,2;8,3;311;2;0,112;0,083
ACPAEA3;A;partielle;avec;3;13;11,7;154;2;0,13;0,117
ACPAEA3;A;partielle;avec;3;22;15,6;230;2;0,22;0,156
ACPAEA3;A;partielle;avec;3;7,1;4,1;190;2;0,071;0,041
ACPAEA3;A;partielle;avec;3;13,7;4,5;320;3;0,137;0,045
ACPAEA3;A;partielle;avec;3;17,5;9,8;140;3;0,175;0,098
ACPAEA3;A;partielle;avec;3;10,3;5,8;248;2;0,103;0,058
ACPAEA3;A;partielle;avec;3;9,6;8,6;176;2;0,096;0,086
ACPAEA3;A;partielle;avec;3;13,7;7,3;129;2;0,137;0,073
ACPAEA3;A;partielle;avec;3;12,7;8;140;2;0,127;0,08
ACPAEA2;A;partielle;avec;2;12,6;11,4;145;3;0,126;0,114
ACPAEA2;A;partielle;avec;2;25,6;19,6;410;3;0,256;0,196
ACPAEA2;A;partielle;avec;2;13;5;1,08;3;0,13;0,05
ACPAEA2;A;partielle;avec;2;16,9;15,9;190;3;0,169;0,159
ACPAEA2;A;partielle;avec;2;21,1;18;196;3;0,211;0,18
ACPAEA2;A;partielle;avec;2;17,7;17,5;190;3;0,177;0,175
ACPAEA2;A;partielle;avec;2;18,3;11,9;545;2;0,183;0,119
ACPAEA2;A;partielle;avec;2;15,9;15,7;100;3;0,159;0,157
ACPAEA2;A;partielle;avec;2;18,9;16,8;450;3;0,189;0,168
ACPAEA2;A;partielle;avec;2;14,4;10,6;400;2;0,144;0,106
ACPAEA2;A;partielle;avec;2;13,2;12,5;140;4;0,132;0,125
ACPAEA2;A;partielle;avec;2;10,3;9,1;365;2;0,103;0,091
ACPAEA2;A;partielle;avec;2;17,4;16,3;125;2;0,174;0,163
ACPAEA2;A;partielle;avec;2;19,7;17,2;528;3;0,197;0,172
ACPAEA2;A;partielle;avec;2;13,2;10,5;287;2;0,132;0,105
ACPAEA2;A;partielle;avec;2;14,4;2,1;1070;3;0,144;0,021
ACPAEA2;A;partielle;avec;2;15,3;17,3;367;2;0,153;0,173
ACPAEA2;A;partielle;avec;2;9,6;9,1;280;2;0,096;0,091
ACPAEA2;A;partielle;avec;2;29,1;18,1;440;2;0,291;0,181
ACPAEA2;A;partielle;avec;2;14;11;360;2;0,14;0,11
ACPAEA2;A;partielle;avec;2;16,9;14,3;487;2;0,169;0,143
ACPAEA2;A;partielle;avec;2;22;21,1;148;4;0,22;0,211
ACPAEA2;A;partielle;avec;2;25,8;17,4;234;3;0,258;0,174
ACPAEA2;A;partielle;avec;2;12,8;12,2;330;4;0,128;0,122
ACPAEA2;A;partielle;avec;2;16,5;13,5;178;3;0,165;0,135
ACPAEA2;A;partielle;avec;2;11,1;6,2;760;2;0,111;0,062
ACPAEA2;A;partielle;avec;2;13,7;6,4;800;2;0,137;0,064
ACPAEA2;A;partielle;avec;2;21,7;20,9;286;3;0,217;0,209
ACPAEA2;A;partielle;avec;2;15,6;11;144;3;0,156;0,11
ACPAEA2;A;partielle;avec;2;20;17;515;3;0,2;0,17
ACPAEA1;A;partielle;avec;1;31,1;12;1600;3;0,311;0,12
ACPAEA1;A;partielle;avec;1;10;6,6;314;2;0,1;0,066
ACPAEA1;A;partielle;avec;1;13,1;9,1;430;3;0,131;0,091
ACPAEA1;A;partielle;avec;1;12,3;6,4;550;2;0,123;0,064
ACPAEA1;A;partielle;avec;1;14,2;10,5;445;3;0,142;0,105
ACPAEA1;A;partielle;avec;1;26,5;21,7;343;4;0,265;0,217
ACPAEA1;A;partielle;avec;1;10,8;5,9;276;2;0,108;0,059
ACPAEA1;A;partielle;avec;1;19,4;16,5;340;2;0,194;0,165
ACPAEA1;A;partielle;avec;1;31,4;22,1;124;4;0,314;0,221
ACPAEA1;A;partielle;avec;1;9,8;9,6;160;3;0,098;0,096
ACPAEA1;A;partielle;avec;1;12,9;9,6;215;4;0,129;0,096
ACPAEA1;A;partielle;avec;1;18,4;10,3;900;2;0,184;0,103
ACPAEA1;A;partielle;avec;1;21;11;724;1;0,21;0,11
ACPAEA1;A;partielle;avec;1;20,5;15,1;618;3;0,205;0,151
ACPAEA1;A;partielle;avec;1;14,9;11;270;2;0,149;0,11
ACPAEA1;A;partielle;avec;1;11,5;9,7;347;2;0,115;0,097
ACPAEA1;A;partielle;avec;1;18,6;18,1;360;2;0,186;0,181
ACPAEA1;A;partielle;avec;1;16,9;13,9;170;2;0,169;0,139
ACPAEA1;A;partielle;avec;1;16,2;14;139;2;0,162;0,14
ACPAEA1;A;partielle;avec;1;12,8;10,8;143;2;0,128;0,108
ACPAEA1;A;partielle;avec;1;15,3;11,4;310;3;0,153;0,114
ACPAEA1;A;partielle;avec;1;10,7;9,4;194;3;0,107;0,094
ACPAEA1;A;partielle;avec;1;16,8;13,2;245;4;0,168;0,132
ACPAEA1;A;partielle;avec;1;11;4,5;510;4;0,11;0,045
ACPAEA1;A;partielle;avec;1;14,7;11,9;155;3;0,147;0,119
ACPAEA1;A;partielle;avec;1;11,6;6,4;520;2;0,116;0,064
ACPAEA1;A;partielle;avec;1;7,2;6,2;155;2;0,072;0,062
ACPAEA1;A;partielle;avec;1;9,6;5,5;390;3;0,096;0,055
ACPAEA1;A;partielle;avec;1;9,2;7,4;240;2;0,092;0,074
ACPAEA1;A;partielle;avec;1;12;11,2;150;2;0,12;0,112
ACPAEA1;A;partielle;avec;1;9,3;7,2;168;2;0,093;0,072
AT3;A;temoin;temoin;3;22,2;13,2;877;3;0,222;0,132
AT3;A;temoin;temoin;3;15,4;9;320;2;0,154;0,09
AT3;A;temoin;temoin;3;37,6;28,8;674;4;0,376;0,288
AT3;A;temoin;temoin;3;15,1;3,2;600;4;0,151;0,032
AT3;A;temoin;temoin;3;15,2;7,1;534;3;0,152;0,071
AT3;A;temoin;temoin;3;18,9;12,5;450;4;0,189;0,125
AT3;A;temoin;temoin;3;13,1;8,5;174;4;0,131;0,085
AT3;A;temoin;temoin;3;50;41;120;3;0,5;0,41
AT3;A;temoin;temoin;3;50;38,2;150;3;0,5;0,382
AT3;A;temoin;temoin;3;49,2;39,7;242;4;0,492;0,397
AT3;A;temoin;temoin;3;12,9;8,7;295;3;0,129;0,087
AT3;A;temoin;temoin;3;10,3;8,1;247;4;0,103;0,081
AT3;A;temoin;temoin;3;12,1;3,4;805;2;0,121;0,034
AT3;A;temoin;temoin;3;9,5;9,1;160;4;0,095;0,091
BT3;B;temoin;temoin;3;40,2;21,3;423;3;0,402;0,213
BT3;B;temoin;temoin;3;13,2;8,4;100;4;0,132;0,084
BT3;B;temoin;temoin;3;12,4;8;400;2;0,124;0,08
BT3;B;temoin;temoin;3;14;13,1;375;4;0,14;0,131
BT3;B;temoin;temoin;3;13,3;8,3;720;4;0,133;0,083
BT3;B;temoin;temoin;3;27;9,8;2080;3;0,27;0,098
BT3;B;temoin;temoin;3;16,6;32,1;1125;4;0,166;0,321
BT3;B;temoin;temoin;3;9,1;4,6;509;3;0,091;0,046
BT2;B;temoin;temoin;2;9,7;6;950;2;0,097;0,06
BT2;B;temoin;temoin;2;10,7;4,5;493;1;0,107;0,045
BT2;B;temoin;temoin;2;11,5;7,1;321;4;0,115;0,071
BT2;B;temoin;temoin;2;13,2;7,2;304;2;0,132;0,072
BT2;B;temoin;temoin;2;16,2;9,9;566;4;0,162;0,099
BT2;B;temoin;temoin;2;9;5,7;506;4;0,09;0,057
AT2;A;temoin;temoin;2;21,2;12,7;526;3;0,212;0,127
AT2;A;temoin;temoin;2;11,7;5,4;270;2;0,117;0,054
AT2;A;temoin;temoin;2;12,3;12;528;3;0,123;0,12
AT2;A;temoin;temoin;2;31,3;28,2;189;3;0,313;0,282
AT2;A;temoin;temoin;2;50;30;131;4;0,5;0,3
AT2;A;temoin;temoin;2;34,6;32,9;173;3;0,346;0,329
AT2;A;temoin;temoin;2;11,7;11,1;221;4;0,117;0,111
AT2;A;temoin;temoin;2;12,2;9,9;242;2;0,122;0,099
AT2;A;temoin;temoin;2;14,9;12,3;204;2;0,149;0,123
AT2;A;temoin;temoin;2;10,1;9;176;2;0,101;0,09
AT2;A;temoin;temoin;2;14,5;13,9;141;2;0,145;0,139
AT2;A;temoin;temoin;2;15,6;7,9;500;3;0,156;0,079
BT1;B;temoin;temoin;1;9,1;1;929;1;0,091;0,01
BT1;B;temoin;temoin;1;10,2;5,6;390;4;0,102;0,056
BT1;B;temoin;temoin;1;19,2;16,8;132;4;0,192;0,168
BT1;B;temoin;temoin;1;9,1;5,3;676;2;0,091;0,053
BCPAEA3;B;partielle;avec;3;17,8;14,7;366;2;0,178;0,147
BCPAEA3;B;partielle;avec;3;16;11,6;236;2;0,16;0,116
BCPAEA3;B;partielle;avec;3;15;9;749;4;0,15;0,09
BCPAEA3;B;partielle;avec;3;10,3;8,8;162;3;0,103;0,088
BCPAEA3;B;partielle;avec;3;11,7;10;175;3;0,117;0,1
BCPAEA3;B;partielle;avec;3;12;10,7;123;3;0,12;0,107
BCPAEA3;B;partielle;avec;3;13,3;12,6;154;3;0,133;0,126
BCPAEA3;B;partielle;avec;3;12,1;11,7;131;2;0,121;0,117
BCPAEA3;B;partielle;avec;3;19,1;15,5;580;3;0,191;0,155
BCPAEA3;B;partielle;avec;3;16,3;12,9;215;3;0,163;0,129
BCPAEA3;B;partielle;avec;3;12,9;10,1;167;3;0,129;0,101
BCPAEA3;B;partielle;avec;3;18,4;13,1;288;3;0,184;0,131
BCPAEA3;B;partielle;avec;3;9,9;9;203;4;0,099;0,09
BCPAEA3;B;partielle;avec;3;8,8;8,4;204;1;0,088;0,084
BCPAEA3;B;partielle;avec;3;9,7;8,6;123;3;0,097;0,086
BCPAEA3;B;partielle;avec;3;25,4;18,9;236;3;0,254;0,189
BCPAEA3;B;partielle;avec;3;24,1;20,3;320;4;0,241;0,203
BCPAEA3;B;partielle;avec;3;23,3;21,6;203;2;0,233;0,216
BCPAEA3;B;partielle;avec;3;9,8;8,6;155;3;0,098;0,086
BCPAEA3;B;partielle;avec;3;9,3;8,1;277;4;0,093;0,081
BCPAEA3;B;partielle;avec;3;33,2;24,9;231;3;0,332;0,249
BCPAEA3;B;partielle;avec;3;9,9;8,6;152;3;0,099;0,086
BCPAEA3;B;partielle;avec;3;13,3;11,2;280;2;0,133;0,112
BCPAEA3;B;partielle;avec;3;20,3;13,3;235;2;0,203;0,133
BCPAEA3;B;partielle;avec;3;11,6;10,2;237;4;0,116;0,102
BCPAEA3;B;partielle;avec;3;9,6;8,4;204;2;0,096;0,084
BCPAEA3;B;partielle;avec;3;10,4;10,1;132;3;0,104;0,101
BCPAEA3;B;partielle;avec;3;10,7;7,9;203;2;0,107;0,079
BCPAEA3;B;partielle;avec;3;11,8;10,3;273;2;0,118;0,103
BCPAEA3;B;partielle;avec;3;10,8;10,3;232;2;0,108;0,103
BCPAEA3;B;partielle;avec;3;13,6;13,5;140;4;0,136;0,135
BCPAEA3;B;partielle;avec;3;17,7;13,8;146;2;0,177;0,138
BCPAEA3;B;partielle;avec;3;11,3;5,6;365;2;0,113;0,056
BCPAEA3;B;partielle;avec;3;18,7;17,6;184;2;0,187;0,176
BCPAEA3;B;partielle;avec;3;22,6;18;138;2;0,226;0,18
BCPAEA3;B;partielle;avec;3;24,6;14,8;408;3;0,246;0,148
BCPAEA3;B;partielle;avec;3;24,8;18,1;120;3;0,248;0,181
BCPAEA3;B;partielle;avec;3;15,8;10,8;737;1;0,158;0,108
BCPAEA3;B;partielle;avec;3;10,2;5;510;3;0,102;0,05
BCPAEA3;B;partielle;avec;3;27,4;12,3;613;2;0,274;0,123
BCPAEA3;B;partielle;avec;3;15;14,9;109;2;0,15;0,149
BCPAEA3;B;partielle;avec;3;13;9,4;254;2;0,13;0,094
BCPAEA3;B;partielle;avec;3;13,7;13,2;212;2;0,137;0,132
BCPAEA3;B;partielle;avec;3;13,8;7,8;438;2;0,138;0,078
BCPAEA1;B;partielle;avec;1;10,5;2,1;770;1;0,105;0,021
BCPAEA1;B;partielle;avec;1;18,5;18,1;139;4;0,185;0,181
BCPAEA1;B;partielle;avec;1;17,8;17,7;198;3;0,178;0,177
BCPAEA1;B;partielle;avec;1;26,9;16,5;388;4;0,269;0,165
BCPAEA1;B;partielle;avec;1;9,3;7,4;327;3;0,093;0,074
BCPAEA1;B;partielle;avec;1;14,8;6,1;480;3;0,148;0,061
BCPAEA1;B;partielle;avec;1;15,8;11,3;374;4;0,158;0,113
BCPAEA1;B;partielle;avec;1;10,2;5,2;394;1;0,102;0,052
BCPAEA1;B;partielle;avec;1;13,7;4,8;880;2;0,137;0,048
BCPAEA1;B;partielle;avec;1;18,5;15;450;4;0,185;0,15
BCPAEA1;B;partielle;avec;1;9,6;4,8;532;1;0,096;0,048
BCPAEA2;B;partielle;avec;2;17,8;3,9;1140;2;0,178;0,039
BCPAEA2;B;partielle;avec;2;9,6;3,1;650;3;0,096;0,031
BCPAEA2;B;partielle;avec;2;15,7;15,2;124;2;0,157;0,152
BCPAEA2;B;partielle;avec;2;41;3,8;700;3;0,41;0,038
BCPAEA2;B;partielle;avec;2;13;10,7;147;3;0,13;0,107
BCPAEA2;B;partielle;avec;2;17,8;15,4;378;1;0,178;0,154
BCPAEA2;B;partielle;avec;2;26,6;24,3;1090;2;0,266;0,243
BCPAEA2;B;partielle;avec;2;22,4;13,7;580;2;0,224;0,137
BCPAEA2;B;partielle;avec;2;23,2;16;830;2;0,232;0,16
BCPAEA2;B;partielle;avec;2;36,5;13,4;370;2;0,365;0,134
BCPAEA2;B;partielle;avec;2;22,8;17,1;593;4;0,228;0,171
BCPAEA2;B;partielle;avec;2;11,1;5,6;410;1;0,111;0,056
BCPAEA2;B;partielle;avec;2;20;9,9;270;2;0,2;0,099
BCPAEA2;B;partielle;avec;2;10,2;13,1;300;;0,102;0,131
BCPAEA2;B;partielle;avec;2;23,2;16,8;516;4;0,232;0,168
BCPAEA2;B;partielle;avec;2;13;3,7;970;3;0,13;0,037
BCPAEA2;B;partielle;avec;2;11,5;2,9;639;2;0,115;0,029
BCPAEA2;B;partielle;avec;2;21,3;6,5;1122;3;0,213;0,065
BCPAEA2;B;partielle;avec;2;11,6;11;352;3;0,116;0,11
BCPAEA2;B;partielle;avec;2;10,3;9,7;155;4;0,103;0,097
BCPAEA2;B;partielle;avec;2;20,4;10,3;589;3;0,204;0,103
BCPAEA2;B;partielle;avec;2;27,9;15,4;165;4;0,279;0,154
BCPSEA1;B;partielle;sans;1;10,1;7,8;233;2;0,101;0,078
BCPSEA1;B;partielle;sans;1;12,5;10,1;204;3;0,125;0,101
BCPSEA1;B;partielle;sans;1;16,9;16,3;268;3;0,169;0,163
BCPSEA1;B;partielle;sans;1;50;42,3;220;4;0,5;0,423
BCPSEA1;B;partielle;sans;1;10,2;2,4;830;2;0,102;0,024
BCPSEA1;B;partielle;sans;1;11,3;1,2;820;3;0,113;0,012
BCPSEA1;B;partielle;sans;1;12;11,3;157;3;0,12;0,113
BCPSEA1;B;partielle;sans;1;10,8;8,6;144;3;0,108;0,086
BCPSEA1;B;partielle;sans;1;10,3;13,9;218;2;0,103;0,139
BCPSEA1;B;partielle;sans;1;11,8;11;144;3;0,118;0,11
BCPSEA1;B;partielle;sans;1;10;5,7;138;3;0,1;0,057
BCPSEA1;B;partielle;sans;1;11,5;10,3;100;4;0,115;0,103
BCPSEA3;B;partielle;sans;3;11,4;10,9;394;4;0,114;0,109
BCPSEA3;B;partielle;sans;3;9,6;9,5;242;4;0,096;0,095
BCPSEA3;B;partielle;sans;3;9,7;7,8;123;3;0,097;0,078
BCPSEA3;B;partielle;sans;3;10;9,6;167;3;0,1;0,096
BCPSEA3;B;partielle;sans;3;13,7;10,4;197;4;0,137;0,104
BCPSEA3;B;partielle;sans;3;10,3;6,6;303;4;0,103;0,066
BCPSEA3;B;partielle;sans;3;13,2;9,6;577;3;0,132;0,096
BCPSEA3;B;partielle;sans;3;23;14,8;670;4;0,23;0,148
BCPSEA3;B;partielle;sans;3;12,9;12,7;102;4;0,129;0,127
BCPSEA3;B;partielle;sans;3;9;8,3;184;4;0,09;0,083
BCPSEA3;B;partielle;sans;3;10,7;9,4;106;4;0,107;0,094
BCPSEA2;B;partielle;sans;2;14,3;11,2;488;4;0,143;0,112
BCPSEA2;B;partielle;sans;2;20;19,7;100;3;0,2;0,197
BCPSEA2;B;partielle;sans;2;11,2;6;390;3;0,112;0,06
BCPSEA2;B;partielle;sans;2;13,4;13,3;523;4;0,134;0,133
BCPSEA2;B;partielle;sans;2;12,1;10,2;275;2;0,121;0,102
BCPSEA2;B;partielle;sans;2;14,9;13,5;169;3;0,149;0,135
BCPSEA2;B;partielle;sans;2;15,6;15,3;163;3;0,156;0,153
BCPSEA2;B;partielle;sans;2;17,7;16,6;115;3;0,177;0,166
BCPSEA2;B;partielle;sans;2;16,6;4;1000;3;0,166;0,04
BCPSEA2;B;partielle;sans;2;10,3;4,4;650;3;0,103;0,044
BCPSEA2;B;partielle;sans;2;14,7;11,1;220;4;0,147;0,111
BCPSEA2;B;partielle;sans;2;10,1;6,2;726;2;0,101;0,062
BCPSEA2;B;partielle;sans;2;11,3;10;288;3;0,113;0,1
BCPSEA2;B;partielle;sans;2;13,4;9,4;334;2;0,134;0,094
BCPSEA2;B;partielle;sans;2;9,3;4;690;2;0,093;0,04
BCPSEA2;B;partielle;sans;2;15;10,4;324;3;0,15;0,104
BCPSEA2;B;partielle;sans;2;21,7;15,5;324;3;0,217;0,155
BCPSEA2;B;partielle;sans;2;15;8;360;2;0,15;0,08
BCPSEA2;B;partielle;sans;2;13;7,4;250;3;0,13;0,074
BCPSEA2;B;partielle;sans;2;9,3;4,4;424;3;0,093;0,044
CCPSEA3;C;partielle;sans;3;12,1;11,4;144;3;0,121;0,114
CCPSEA3;C;partielle;sans;3;18,3;7,8;251;3;0,183;0,078
CCPSEA3;C;partielle;sans;3;15,2;10,4;265;4;0,152;0,104
CCPSEA3;C;partielle;sans;3;12,3;9,2;346;3;0,123;0,092
CCPSEA3;C;partielle;sans;3;9,1;6,5;335;4;0,091;0,065
CCPSEA3;C;partielle;sans;3;9,6;6,7;105;4;0,096;0,067
CCPSEA3;C;partielle;sans;3;10,2;9,7;100;4;0,102;0,097
CCPSEA3;C;partielle;sans;3;13,3;11;283;4;0,133;0,11
CCPSEA3;C;partielle;sans;3;25,2;19,2;420;3;0,252;0,192
CCPSEA3;C;partielle;sans;3;9,5;7,6;584;2;0,095;0,076
CCPSEA3;C;partielle;sans;3;21,2;15,1;224;4;0,212;0,151
CCPSEA3;C;partielle;sans;3;13,4;11,3;100;4;0,134;0,113
CCPSEA3;C;partielle;sans;3;10,2;6,2;121;4;0,102;0,062
CCPSEA3;C;partielle;sans;3;15,3;13,5;141;4;0,153;0,135
CCPSEA3;C;partielle;sans;3;12;5,3;535;4;0,12;0,053
CCPSEA3;C;partielle;sans;3;37,8;23;500;3;0,378;0,23
CCPSEA3;C;partielle;sans;3;11,1;7,4;565;1;0,111;0,074
CCPSEA3;C;partielle;sans;3;9,9;7;163;1;0,099;0,07
CCPSEA3;C;partielle;sans;3;11;9,6;100;4;0,11;0,096
CCPSEA3;C;partielle;sans;3;10,8;9,7;250;3;0,108;0,097
CCPSEA3;C;partielle;sans;3;16,2;11,2;128;2;0,162;0,112
CCPSEA3;C;partielle;sans;3;9,1;9;200;3;0,091;0,09
CCPSEA3;C;partielle;sans;3;9,5;8,7;116;3;0,095;0,087
CCPSEA3;C;partielle;sans;3;12,3;10,7;150;3;0,123;0,107
CCPSEA3;C;partielle;sans;3;8,4;6,7;142;3;0,084;0,067
CCPSEA3;C;partielle;sans;3;10,3;9,6;200;3;0,103;0,096
CCPSEA3;C;partielle;sans;3;11,4;7,3;234;3;0,114;0,073
CCPSEA1;C;partielle;sans;1;11;4,2;380;4;0,11;0,042
CCPSEA1;C;partielle;sans;1;17,4;13,7;286;4;0,174;0,137
CCPSEA1;C;partielle;sans;1;21,9;19,9;505;4;0,219;0,199
CCPSEA1;C;partielle;sans;1;18,2;7;482;4;0,182;0,07
CCPSEA1;C;partielle;sans;1;20,1;5,3;1105;2;0,201;0,053
CCPSEA1;C;partielle;sans;1;12,6;7,8;642;3;0,126;0,078
CCPSEA1;C;partielle;sans;1;15,4;9,2;485;4;0,154;0,092
CCPSEA1;C;partielle;sans;1;10,2;7,6;166;4;0,102;0,076
CCPSEA1;C;partielle;sans;1;13,3;11;387;2;0,133;0,11
CCPSEA1;C;partielle;sans;1;10,9;1,3;590;2;0,109;0,013
CCPSEA1;C;partielle;sans;1;7,6;5,6;515;4;0,076;0,056
CCPSEA2;C;partielle;sans;2;9,7;3,2;388;3;0,097;0,032
CCPSEA2;C;partielle;sans;2;13,2;6,9;850;3;0,132;0,069
CCPSEA2;C;partielle;sans;2;27,6;4;958;2;0,276;0,04
CCPSEA2;C;partielle;sans;2;14,2;10,5;520;2;0,142;0,105
CCPSEA2;C;partielle;sans;2;9,1;3,1;384;3;0,091;0,031
CCPSEA2;C;partielle;sans;2;9,5;5,3;370;3;0,095;0,053
CCPSEA2;C;partielle;sans;2;10,2;9,3;106;3;0,102;0,093
CCPSEA2;C;partielle;sans;2;9,4;7,1;155;2;0,094;0,071
CCPSEA2;C;partielle;sans;2;26,7;8,7;682;2;0,267;0,087
CCPSEA2;C;partielle;sans;2;10,2;8;132;4;0,102;0,08
CCPSEA2;C;partielle;sans;2;24,2;14,2;551;3;0,242;0,142
CCPAEA2;C;partielle;avec;2;13,3;12,1;164;4;0,133;0,121
CCPAEA2;C;partielle;avec;2;11,7;4,7;590;3;0,117;0,047
CCPAEA2;C;partielle;avec;2;15,7;6,1;880;4;0,157;0,061
CCPAEA2;C;partielle;avec;2;9,2;5,9;670;3;0,092;0,059
CCPAEA2;C;partielle;avec;2;16,4;14;140;3;0,164;0,14
CCPAEA2;C;partielle;avec;2;11,5;11;167;3;0,115;0,11
CCPAEA2;C;partielle;avec;2;9,3;8;107;4;0,093;0,08
CCPAEA2;C;partielle;avec;2;14,5;13;128;3;0,145;0,13
CCPAEA2;C;partielle;avec;2;11,8;10,6;110;3;0,118;0,106
CCPAEA2;C;partielle;avec;2;13,7;13,5;120;3;0,137;0,135
CCPAEA2;C;partielle;avec;2;10,2;9,6;119;2;0,102;0,096
CCPAEA2;C;partielle;avec;2;11,5;10,8;120;4;0,115;0,108
CCPAEA2;C;partielle;avec;2;12;10,5;150;4;0,12;0,105
CCPAEA2;C;partielle;avec;2;9,1;8,3;287;3;0,091;0,083
CCPAEA2;C;partielle;avec;2;10,5;10,3;130;3;0,105;0,103
CCPAEA2;C;partielle;avec;2;10,4;8,3;267;3;0,104;0,083
CCPAEA2;C;partielle;avec;2;14,4;5,6;790;3;0,144;0,056
CCPAEA2;C;partielle;avec;2;26,6;12,4;415;4;0,266;0,124
CCPAEA3;C;partielle;avec;3;13,7;2,7;1120;2;0,137;0,027
CCPAEA3;C;partielle;avec;3;12,9;5,8;793;2;0,129;0,058
CCPAEA3;C;partielle;avec;3;12,4;4,4;343;2;0,124;0,044
CCPAEA3;C;partielle;avec;3;12,8;12,3;124;3;0,128;0,123
CCPAEA3;C;partielle;avec;3;14,7;14;103;2;0,147;0,14
CCPAEA3;C;partielle;avec;3;13;12,2;103;2;0,13;0,122
CCPAEA3;C;partielle;avec;3;16,6;19;194;3;0,166;0,19
CCPAEA3;C;partielle;avec;3;15,3;11,7;590;4;0,153;0,117
CCPAEA3;C;partielle;avec;3;22,4;11,6;672;3;0,224;0,116
CCPAEA3;C;partielle;avec;3;9,2;4,6;520;2;0,092;0,046
CCPAEA3;C;partielle;avec;3;10,7;8,5;287;4;0,107;0,085
CCPAEA1;C;partielle;avec;1;14,8;10,4;117;4;0,148;0,104
CCPAEA1;C;partielle;avec;1;19;15,5;114;4;0,19;0,155
CCPAEA1;C;partielle;avec;1;21,3;20,2;224;4;0,213;0,202
CCPAEA1;C;partielle;avec;1;15;11,3;290;4;0,15;0,113
CCPAEA1;C;partielle;avec;1;25,8;3,2;820;4;0,258;0,032
CCPAEA1;C;partielle;avec;1;21,8;15;823;3;0,218;0,15
CCPAEA1;C;partielle;avec;1;9,4;6,3;213;4;0,094;0,063
CCPAEA1;C;partielle;avec;1;12,4;12,2;382;3;0,124;0,122
CCPAEA1;C;partielle;avec;1;14,2;13,6;102;3;0,142;0,136
CCPAEA1;C;partielle;avec;1;17,2;15,2;129;4;0,172;0,152
CCPAEA1;C;partielle;avec;1;11,2;7,1;132;4;0,112;0,071
CCPAEA1;C;partielle;avec;1;13,9;12;125;4;0,139;0,12
CCPAEA1;C;partielle;avec;1;16,2;13,9;400;4;0,162;0,139
CCPAEA1;C;partielle;avec;1;29;15,2;149;3;0,29;0,152
CCPAEA1;C;partielle;avec;1;19,5;14,8;113;4;0,195;0,148
CCPAEA1;C;partielle;avec;1;16,2;15,1;113;3;0,162;0,151
CCPAEA1;C;partielle;avec;1;9,7;3,8;214;3;0,097;0,038
CCPAEA1;C;partielle;avec;1;8,9;7,9;160;4;0,089;0,079
CT1;C;temoin;temoin;1;10,1;5,8;403;4;0,101;0,058
CT1;C;temoin;temoin;1;10,5;10;220;4;0,105;0,1
CT1;C;temoin;temoin;1;12,1;1,2;745;4;0,121;0,012
CT1;C;temoin;temoin;1;50;40,1;400;4;0,5;0,401
CT1;C;temoin;temoin;1;9,1;2,6;604;3;0,091;0,026
CT1;C;temoin;temoin;1;16,2;8,3;190;4;0,162;0,083
CT1;C;temoin;temoin;1;14,3;9,6;260;3;0,143;0,096
CT1;C;temoin;temoin;1;10,4;5,4;407;3;0,104;0,054
CT1;C;temoin;temoin;1;32,2;21,4;442;3;0,322;0,214
CT2;C;temoin;temoin;2;14,9;5,2;1085;2;0,149;0,052
CT2;C;temoin;temoin;2;9,6;8,7;150;4;0,096;0,087
CT2;C;temoin;temoin;2;10,9;6,3;250;2;0,109;0,063
CT2;C;temoin;temoin;2;15,2;1,7;693;3;0,152;0,017
CT2;C;temoin;temoin;2;24,4;23;147;4;0,244;0,23
CT2;C;temoin;temoin;2;16,7;13,4;143;3;0,167;0,134
CT2;C;temoin;temoin;2;13,2;9;128;2;0,132;0,09
CT2;C;temoin;temoin;2;12,5;11,1;220;4;0,125;0,111
CT2;C;temoin;temoin;2;21,3;20;290;4;0,213;0,2
DT2;D;temoin;temoin;2;20,8;14,9;708;4;0,208;0,149
DT2;D;temoin;temoin;2;25,2;14,4;1516;3;0,252;0,144
DT2;D;temoin;temoin;2;9,2;4,2;544;2;0,092;0,042
DT2;D;temoin;temoin;2;12,2;24,2;965;3;0,122;0,242
DT2;D;temoin;temoin;2;28,8;18,9;1000;2;0,288;0,189
DT2;D;temoin;temoin;2;20;18,6;730;4;0,2;0,186
DT2;D;temoin;temoin;2;15,8;5,2;1415;4;0,158;0,052
DT2;D;temoin;temoin;2;10,2;8,8;464;4;0,102;0,088
DT2;D;temoin;temoin;2;19,1;14,4;102;4;0,191;0,144
DT2;D;temoin;temoin;2;15,4;8,4;195;4;0,154;0,084
DT2;D;temoin;temoin;2;15;11,7;102;4;0,15;0,117
DT2;D;temoin;temoin;2;13,4;8,4;650;2;0,134;0,084
DT2;D;temoin;temoin;2;10,9;7,6;608;1;0,109;0,076
DT2;D;temoin;temoin;2;22,6;15,7;750;4;0,226;0,157
DT2;D;temoin;temoin;2;16,8;8,4;817;4;0,168;0,084
DT2;D;temoin;temoin;2;24,1;13,9;416;3;0,241;0,139
DT2;D;temoin;temoin;2;35,9;23,2;244;3;0,359;0,232
DT2;D;temoin;temoin;2;30,2;28,5;670;3;0,302;0,285
DT2;D;temoin;temoin;2;11,2;3,2;670;2;0,112;0,032
DT2;D;temoin;temoin;2;12,6;8,5;330;4;0,126;0,085
DT2;D;temoin;temoin;2;31,2;31,1;140;3;0,312;0,311
DT2;D;temoin;temoin;2;25,9;23,6;308;3;0,259;0,236
DT2;D;temoin;temoin;2;9,8;3,4;460;4;0,098;0,034
DT2;D;temoin;temoin;2;11,4;2,2;510;3;0,114;0,022
DT2;D;temoin;temoin;2;20,3;7,3;480;2;0,203;0,073
DT2;D;temoin;temoin;2;24,8;8,7;600;2;0,248;0,087
DT2;D;temoin;temoin;2;17,9;14,3;680;3;0,179;0,143
DT2;D;temoin;temoin;2;11,3;4,1;600;2;0,113;0,041
DT2;D;temoin;temoin;2;15,8;11,6;382;2;0,158;0,116
DT2;D;temoin;temoin;2;26,6;17,7;760;2;0,266;0,177
DT2;D;temoin;temoin;2;10,1;6,2;154;2;0,101;0,062
DT2;D;temoin;temoin;2;32,4;24,3;150;3;0,324;0,243
DT2;D;temoin;temoin;2;30,2;24,1;723;3;0,302;0,241
DT2;D;temoin;temoin;2;28,7;15;940;4;0,287;0,15
DT2;D;temoin;temoin;2;15,2;9,6;523;3;0,152;0,096
DT2;D;temoin;temoin;2;14,5;8,1;660;3;0,145;0,081
DT2;D;temoin;temoin;2;20,3;15;650;3;0,203;0,15
DT2;D;temoin;temoin;2;16;6,7;650;3;0,16;0,067
DT2;D;temoin;temoin;2;14,1;12,5;475;4;0,141;0,125
DT2;D;temoin;temoin;2;30,5;24,6;265;4;0,305;0,246
DT2;D;temoin;temoin;2;12,5;11,5;128;2;0,125;0,115
DT1;D;temoin;temoin;1;9,3;6,6;116;3;0,093;0,066
DT1;D;temoin;temoin;1;14,3;6,8;734;3;0,143;0,068
DT1;D;temoin;temoin;1;15;5,9;770;1;0,15;0,059
DT1;D;temoin;temoin;1;23,1;21,5;142;4;0,231;0,215
DCPSEA1;D;partielle;sans;1;23;12,6;915;4;0,23;0,126
DCPSEA1;D;partielle;sans;1;19;18,5;175;4;0,19;0,185
DCPSEA1;D;partielle;sans;1;19,7;13,3;285;4;0,197;0,133
DCPSEA1;D;partielle;sans;1;18,8;12,8;857;3;0,188;0,128
DCPSEA1;D;partielle;sans;1;11,2;7,7;270;3;0,112;0,077
DCPSEA1;D;partielle;sans;1;11,5;7;335;3;0,115;0,07
DCPSEA1;D;partielle;sans;1;27,4;23,1;260;4;0,274;0,231
DCPSEA1;D;partielle;sans;1;11,7;8,5;240;3;0,117;0,085
DCPSEA1;D;partielle;sans;1;9,1;4,4;130;3;0,091;0,044
DCPSEA1;D;partielle;sans;1;13,9;12,9;147;3;0,139;0,129
DCPSEA1;D;partielle;sans;1;23,4;15,7;176;4;0,234;0,157
DCPSEA1;D;partielle;sans;1;13,9;8,1;660;3;0,139;0,081
DCPSEA1;D;partielle;sans;1;16;7;157;2;0,16;0,07
DCPSEA1;D;partielle;sans;1;13,1;8,3;140;3;0,131;0,083
DCPSEA1;D;partielle;sans;1;15,5;15;260;4;0,155;0,15
DCPSEA1;D;partielle;sans;1;20,3;15,4;610;4;0,203;0,154
DCPSEA1;D;partielle;sans;1;15,8;13,9;103;2;0,158;0,139
DCPSEA1;D;partielle;sans;1;13;12,8;186;3;0,13;0,128
DCPSEA1;D;partielle;sans;1;16,6;15;210;3;0,166;0,15
DCPSEA1;D;partielle;sans;1;18,7;16,2;213;4;0,187;0,162
DCPSEA1;D;partielle;sans;1;22,2;11,8;460;3;0,222;0,118
DCPSEA1;D;partielle;sans;1;13,7;11,1;113;2;0,137;0,111
DCPSEA1;D;partielle;sans;1;12,8;11,6;164;3;0,128;0,116
DCPSEA1;D;partielle;sans;1;12,2;7,4;242;4;0,122;0,074
DCPSEA1;D;partielle;sans;1;19,2;11,3;414;2;0,192;0,113
DCPSEA1;D;partielle;sans;1;11,5;5;503;2;0,115;0,05
DCPSEA1;D;partielle;sans;1;11,4;9,2;378;4;0,114;0,092
DCPSEA1;D;partielle;sans;1;9,1;8;130;4;0,091;0,08
DCPSEA1;D;partielle;sans;1;16,3;12,9;475;4;0,163;0,129
DCPSEA1;D;partielle;sans;1;17,6;12,1;410;4;0,176;0,121
DCPSEA1;D;partielle;sans;1;10,4;9,4;144;3;0,104;0,094
DCPSEA1;D;partielle;sans;1;11,4;8,9;583;3;0,114;0,089
DCPSEA1;D;partielle;sans;1;10;11,2;428;3;0,1;0,112
DCPSEA1;D;partielle;sans;1;22;19;115;4;0,22;0,19
DCPSEA3;D;partielle;sans;3;13,6;11,6;136;3;0,136;0,116
DCPSEA3;D;partielle;sans;3;12,1;5,2;536;2;0,121;0,052
DCPSEA3;D;partielle;sans;3;19,9;18,4;270;4;0,199;0,184
DCPSEA3;D;partielle;sans;3;11;10,3;145;4;0,11;0,103
DCPSEA3;D;partielle;sans;3;22,4;20,6;227;4;0,224;0,206
DCPSEA3;D;partielle;sans;3;24,5;19,1;350;4;0,245;0,191
DCPSEA3;D;partielle;sans;3;14,1;10,2;128;3;0,141;0,102
DCPSEA3;D;partielle;sans;3;13,4;6,5;450;4;0,134;0,065
DCPSEA3;D;partielle;sans;3;10,2;7,4;293;3;0,102;0,074
DCPSEA3;D;partielle;sans;3;9;4,7;455;4;0,09;0,047
DCPSEA3;D;partielle;sans;3;11,4;9;420;4;0,114;0,09
DCPSEA3;D;partielle;sans;3;15,1;10,8;123;4;0,151;0,108
DCPSEA3;D;partielle;sans;3;9;3,9;270;2;0,09;0,039
DCPSEA3;D;partielle;sans;3;19,9;15,1;490;4;0,199;0,151
DCPSEA3;D;partielle;sans;3;9,4;6,5;220;3;0,094;0,065
DCPSEA3;D;partielle;sans;3;17,9;15,8;253;4;0,179;0,158
DCPSEA3;D;partielle;sans;3;17,4;10,7;935;4;0,174;0,107
DCPSEA3;D;partielle;sans;3;18,2;13,8;392;3;0,182;0,138
DCPSEA3;D;partielle;sans;3;20,2;20,9;164;4;0,202;0,209
DCPSEA3;D;partielle;sans;3;10,6;9,1;209;3;0,106;0,091
DCPSEA3;D;partielle;sans;3;20,2;20,1;197;4;0,202;0,201
DCPSEA3;D;partielle;sans;3;15,4;14,3;105;3;0,154;0,143
DCPSEA3;D;partielle;sans;3;14,2;13,3;330;4;0,142;0,133
DCPSEA3;D;partielle;sans;3;10,2;8,1;110;3;0,102;0,081
DCPSEA3;D;partielle;sans;3;13,6;13;215;4;0,136;0,13
DCPSEA3;D;partielle;sans;3;9,5;8,3;205;3;0,095;0,083
DCPSEA3;D;partielle;sans;3;11,3;9;210;4;0,113;0,09
DCPSEA3;D;partielle;sans;3;10;6,4;371;2;0,1;0,064
DCPSEA3;D;partielle;sans;3;10,5;9,7;118;2;0,105;0,097
DCPSEA2;D;partielle;sans;2;22,8;19,3;143;4;0,228;0,193
DCPSEA2;D;partielle;sans;2;12,6;9,9;208;4;0,126;0,099
DCPSEA2;D;partielle;sans;2;21,6;8,5;660;3;0,216;0,085
DCPSEA2;D;partielle;sans;2;21,9;16,9;490;4;0,219;0,169
DCPSEA2;D;partielle;sans;2;14,4;10,8;530;2;0,144;0,108
DCPSEA2;D;partielle;sans;2;12;9,5;645;4;0,12;0,095
DCPSEA2;D;partielle;sans;2;11,7;11,1;154;4;0,117;0,111
DCPSEA2;D;partielle;sans;2;13,5;12,1;284;3;0,135;0,121
DCPSEA2;D;partielle;sans;2;17,3;16,7;415;4;0,173;0,167
DCPSEA2;D;partielle;sans;2;12,6;8,9;493;3;0,126;0,089
DCPSEA2;D;partielle;sans;2;18,9;15,3;150;4;0,189;0,153
DCPSEA2;D;partielle;sans;2;9,1;7,6;112;2;0,091;0,076
DCPSEA2;D;partielle;sans;2;12,6;10,7;142;4;0,126;0,107
DCPSEA2;D;partielle;sans;2;22,5;13,7;567;4;0,225;0,137
DCPSEA2;D;partielle;sans;2;9,1;8,6;149;4;0,091;0,086
DCPSEA2;D;partielle;sans;2;13,2;11,1;150;4;0,132;0,111
DCPSEA2;D;partielle;sans;2;13,2;8,2;188;3;0,132;0,082
DCPSEA2;D;partielle;sans;2;14,3;3,6;193;3;0,143;0,036
DCPSEA2;D;partielle;sans;2;20,5;20,4;265;3;0,205;0,204
DCPSEA2;D;partielle;sans;2;30,7;26,7;216;3;0,307;0,267
DCPSEA2;D;partielle;sans;2;10;7,2;265;4;0,1;0,072
DCPSEA2;D;partielle;sans;2;25,1;15,9;184;3;0,251;0,159
DCPSEA2;D;partielle;sans;2;11,6;11,2;140;4;0,116;0,112
DCPSEA2;D;partielle;sans;2;11,2;8,2;228;4;0,112;0,082
DCPSEA2;D;partielle;sans;2;10;7,1;305;4;0,1;0,071
DCPSEA2;D;partielle;sans;2;15,7;10,1;273;3;0,157;0,101
DCPSEA2;D;partielle;sans;2;9,9;8,5;105;4;0,099;0,085
DCPSEA2;D;partielle;sans;2;16,2;16;137;4;0,162;0,16
DCPSEA2;D;partielle;sans;2;19,7;16,8;143;2;0,197;0,168
DCPSEA2;D;partielle;sans;2;18,8;16,4;100;3;0,188;0,164
DCPSEA2;D;partielle;sans;2;34,6;24,2;206;3;0,346;0,242
DCPSEA2;D;partielle;sans;2;10,3;6;247;3;0,103;0,06
DCPSEA2;D;partielle;sans;2;21,9;19,5;390;4;0,219;0,195
DCPSEA2;D;partielle;sans;2;15,1;14,7;123;4;0,151;0,147
DCPSEA2;D;partielle;sans;2;9;7,1;136;4;0,09;0,071
DCPSEA2;D;partielle;sans;2;9,2;7;197;3;0,092;0,07
DCPSEA2;D;partielle;sans;2;16,3;11,3;118;4;0,163;0,113
DCPSEA2;D;partielle;sans;2;15,2;14,1;123;4;0,152;0,141
DCPSEA2;D;partielle;sans;2;10,2;8,6;147;4;0,102;0,086
DCPSEA2;D;partielle;sans;2;14;13,6;100;4;0,14;0,136
DCPSEA2;D;partielle;sans;2;10,4;8,5;129;2;0,104;0,085
DCPSEA2;D;partielle;sans;2;11,4;5;269;2;0,114;0,05
DCPAEA2;D;partielle;avec;2;11;9,2;116;2;0,11;0,092
DCPAEA2;D;partielle;avec;2;21,1;18,6;445;3;0,211;0,186
DCPAEA2;D;partielle;avec;2;35;16,4;1080;4;0,35;0,164
DCPAEA2;D;partielle;avec;2;17,5;16,3;392;3;0,175;0,163
DCPAEA2;D;partielle;avec;2;22,6;15;210;4;0,226;0,15
DCPAEA2;D;partielle;avec;2;17,4;16,12;196;4;0,174;0,1612
DCPAEA2;D;partielle;avec;2;9,8;6,4;180;3;0,098;0,064
DCPAEA2;D;partielle;avec;2;14,2;13,4;117;4;0,142;0,134
DCPAEA2;D;partielle;avec;2;11,9;10,4;114;4;0,119;0,104
DCPAEA2;D;partielle;avec;2;13,7;12,5;205;4;0,137;0,125
DCPAEA2;D;partielle;avec;2;16,3;14;218;4;0,163;0,14
DCPAEA2;D;partielle;avec;2;14,4;11,2;109;4;0,144;0,112
DCPAEA2;D;partielle;avec;2;19,2;16,9;123;3;0,192;0,169
DCPAEA2;D;partielle;avec;2;11,9;3,4;612;3;0,119;0,034
DCPAEA2;D;partielle;avec;2;17,5;11,4;439;2;0,175;0,114
DCPAEA2;D;partielle;avec;2;15;11,9;340;4;0,15;0,119
DCPAEA2;D;partielle;avec;2;20,2;19,9;518;4;0,202;0,199
DCPAEA2;D;partielle;avec;2;9,2;7;265;2;0,092;0,07
DCPAEA2;D;partielle;avec;2;20,8;15,7;470;2;0,208;0,157
DCPAEA2;D;partielle;avec;2;14,6;16,1;470;4;0,146;0,161
DCPAEA2;D;partielle;avec;2;14,6;10,9;158;4;0,146;0,109
DCPAEA2;D;partielle;avec;2;9,2;9,1;260;2;0,092;0,091
DCPAEA2;D;partielle;avec;2;9,4;6,7;260;2;0,094;0,067
DCPAEA2;D;partielle;avec;2;19,8;13,9;410;2;0,198;0,139
DCPAEA2;D;partielle;avec;2;18,9;14,4;140;4;0,189;0,144
DCPAEA2;D;partielle;avec;2;14,1;12,1;265;2;0,141;0,121
DCPAEA2;D;partielle;avec;2;23,1;14,4;407;3;0,231;0,144
DCPAEA2;D;partielle;avec;2;14,8;12,5;320;4;0,148;0,125
DCPAEA2;D;partielle;avec;2;11,3;8,3;140;4;0,113;0,083
DCPAEA2;D;partielle;avec;2;19,1;11,7;404;3;0,191;0,117
DCPAEA2;D;partielle;avec;2;22,8;20,8;214;4;0,228;0,208
DCPAEA2;D;partielle;avec;2;26,2;21,6;246;4;0,262;0,216
DCPAEA2;D;partielle;avec;2;22,8;21,8;113;2;0,228;0,218
DCPAEA2;D;partielle;avec;2;22,7;20,8;137;3;0,227;0,208
DCPAEA2;D;partielle;avec;2;18,9;16,1;125;3;0,189;0,161
DCPAEA2;D;partielle;avec;2;25,5;25;407;3;0,255;0,25
DCPAEA2;D;partielle;avec;2;10,7;10,4;118;2;0,107;0,104
DCPAEA2;D;partielle;avec;2;12,6;10,8;165;2;0,126;0,108
DCPAEA2;D;partielle;avec;2;17,1;12,7;165;3;0,171;0,127
DCPAEA2;D;partielle;avec;2;12;9,1;238;3;0,12;0,091
DCPAEA2;D;partielle;avec;2;22,8;16,1;280;3;0,228;0,161
DCPAEA2;D;partielle;avec;2;19;15,4;415;3;0,19;0,154
DCPAEA2;D;partielle;avec;2;14,5;9,6;300;4;0,145;0,096
DCPAEA2;D;partielle;avec;2;15,2;13,3;216;4;0,152;0,133
DCPAEA2;D;partielle;avec;2;21,7;20,6;250;2;0,217;0,206
DCPAEA2;D;partielle;avec;2;12,8;11,9;120;2;0,128;0,119
DCPAEA2;D;partielle;avec;2;15,5;12,3;500;3;0,155;0,123
DCPAEA2;D;partielle;avec;2;18,4;7,9;500;2;0,184;0,079
DCPAEA2;D;partielle;avec;2;18,4;17,3;153;2;0,184;0,173
DT3;D;temoin;temoin;3;27,3;22,5;250;2;0,273;0,225
DT3;D;temoin;temoin;3;16,3;13,5;144;3;0,163;0,135
DT3;D;temoin;temoin;3;14,7;11,8;271;3;0,147;0,118
DT3;D;temoin;temoin;3;14,9;7,4;450;2;0,149;0,074
DT3;D;temoin;temoin;3;10,3;10,1;210;2;0,103;0,101
DT3;D;temoin;temoin;3;18,2;13,2;166;3;0,182;0,132
DT3;D;temoin;temoin;3;12,2;6,2;593;3;0,122;0,062
DT3;D;temoin;temoin;3;31,1;17,3;185;4;0,311;0,173
DCPAEA1;D;partielle;avec;1;9,4;9,2;153;4;0,094;0,092
DCPAEA1;D;partielle;avec;1;11,5;7,7;288;4;0,115;0,077
DCPAEA1;D;partielle;avec;1;21,7;13,6;260;4;0,217;0,136
DCPAEA1;D;partielle;avec;1;11,1;7,4;392;4;0,111;0,074
DCPAEA1;D;partielle;avec;1;45,2;36,9;748;2;0,452;0,369
DCPAEA1;D;partielle;avec;1;11,6;6,3;536;3;0,116;0,063
DCPAEA1;D;partielle;avec;1;10,3;9;153;3;0,103;0,09
DCPAEA1;D;partielle;avec;1;20,8;14,6;112;2;0,208;0,146
DCPAEA1;D;partielle;avec;1;11,6;11,3;106;1;0,116;0,113
DCPAEA1;D;partielle;avec;1;13,5;13;146;4;0,135;0,13
DCPAEA1;D;partielle;avec;1;19,2;14,2;230;3;0,192;0,142
DCPAEA1;D;partielle;avec;1;11,4;10,6;210;3;0,114;0,106
DCPAEA1;D;partielle;avec;1;16,5;13,9;155;2;0,165;0,139
DCPAEA1;D;partielle;avec;1;10,6;4,2;110;3;0,106;0,042
DCPAEA1;D;partielle;avec;1;16,5;10,3;100;2;0,165;0,103
DCPAEA1;D;partielle;avec;1;13,5;11,7;118;4;0,135;0,117
DCPAEA1;D;partielle;avec;1;33,6;21,8;105;3;0,336;0,218
DCPAEA1;D;partielle;avec;1;23,1;15;278;4;0,231;0,15
DCPAEA1;D;partielle;avec;1;43,5;39,8;150;4;0,435;0,398
DCPAEA1;D;partielle;avec;1;32,3;27,9;122;3;0,323;0,279
DCPAEA1;D;partielle;avec;1;12,2;8,4;494;2;0,122;0,084
DCPAEA1;D;partielle;avec;1;23,2;17,1;377;4;0,232;0,171
DCPAEA1;D;partielle;avec;1;19,4;3,6;680;3;0,194;0,036
DCPAEA1;D;partielle;avec;1;18,3;12,2;616;4;0,183;0,122
DCPAEA1;D;partielle;avec;1;9,1;7,4;113;4;0,091;0,074
DCPAEA1;D;partielle;avec;1;17,8;10,4;326;4;0,178;0,104
DCPAEA1;D;partielle;avec;1;20;7,9;365;4;0,2;0,079
DCPAEA1;D;partielle;avec;1;14,6;12,9;195;4;0,146;0,129
DCPAEA1;D;partielle;avec;1;15,8;13,2;108;4;0,158;0,132
DCPAEA3;D;partielle;avec;3;25,5;20,7;253;3;0,255;0,207
DCPAEA3;D;partielle;avec;3;31,5;18,2;548;4;0,315;0,182
DCPAEA3;D;partielle;avec;3;27,5;15,3;548;3;0,275;0,153
DCPAEA3;D;partielle;avec;3;15,3;8,7;338;4;0,153;0,087
DCPAEA3;D;partielle;avec;3;11,4;5,1;269;3;0,114;0,051
DCPAEA3;D;partielle;avec;3;9,6;8,2;472;2;0,096;0,082
DCPAEA3;D;partielle;avec;3;16,3;10,4;182;2;0,163;0,104
DCPAEA3;D;partielle;avec;3;11,9;7,5;124;4;0,119;0,075
DCPAEA3;D;partielle;avec;3;9,3;6,3;350;3;0,093;0,063
DCPAEA3;D;partielle;avec;3;13,6;5;433;3;0,136;0,05
DCPAEA3;D;partielle;avec;3;14,9;6,5;485;2;0,149;0,065
DCPAEA3;D;partielle;avec;3;9,2;5,9;440;3;0,092;0,059
DCPAEA3;D;partielle;avec;3;16,2;11,4;414;3;0,162;0,114
DCPAEA3;D;partielle;avec;3;10,2;5,4;493;4;0,102;0,054
DCPAEA3;D;partielle;avec;3;14;13,2;125;4;0,14;0,132