"sites","Bloc","Coupe","Exclos","Analogue","Diam_bas","Diam_api","Longueur","Classe"
"ACTAEA2","A","totale","avec",2,"12,6","12,1","195",1
"ACTAEA2","A","totale","avec",2,"10,6","10,1","105",2
"ACTAEA2","A","totale","avec",2,"10,5","9,9","100",3
"ACTAEA2","A","totale","avec",2,"25","3,9","348",3
"ACTAEA2","A","totale","avec",2,"15,5","13,6","160",3
"ACTAEA2","A","totale","avec",2,"26,9","2,6","520",3
"ACTAEA2","A","totale","avec",2,"12,6","8","684",2
"ACTAEA2","A","totale","avec",2,"9,7","7,5","128",2
"ACTAEA2","A","totale","avec",2,"11,5","7,8","545",2
"ACTAEA2","A","totale","avec",2,"12,6","5,4","510",2
"ACTAEA2","A","totale","avec",2,"12,5","8,8","480",2
"ACTAEA2","A","totale","avec",2,"11,8","10,3","142",2
"ACTAEA2","A","totale","avec",2,"11,2","10,3","195",2
"ACTAEA2","A","totale","avec",2,"10,2","9,7","102",2
"ACTAEA2","A","totale","avec",2,"9,7","9","156",2
"ACTAEA2","A","totale","avec",2,"14,7","11,5","310",3
"ACTAEA2","A","totale","avec",2,"10","9,7","225",2
"ACTAEA2","A","totale","avec",2,"11,1","10,6","105",2
"ACTAEA3","A","totale","avec",3,"13,3","9,9","154",2
"ACTAEA3","A","totale","avec",3,"10,2","9,6","100",2
"ACTAEA3","A","totale","avec",3,"10,2","8,5","420",3
"ACTAEA3","A","totale","avec",3,"13,8","14,9","500",2
"ACTAEA3","A","totale","avec",3,"10","9,6","104",3
"ACTAEA3","A","totale","avec",3,"9,5","9,1","135",3
"ACTAEA3","A","totale","avec",3,"9,6","7,4","447",3
"ACTAEA3","A","totale","avec",3,"16","7","207",3
"ACTAEA1","A","totale","avec",1,"12,1","7,1","687",2
"ACTAEA1","A","totale","avec",1,"12,2","6","860",2
"ACTAEA1","A","totale","avec",1,"11,7","1,8","732",2
"ACTAEA1","A","totale","avec",1,"13","4,4","645",3
"ACTAEA1","A","totale","avec",1,"11,2","6,9","581",3
"ACTAEA1","A","totale","avec",1,"11,5","2,5","1070",2
"ACTAEA1","A","totale","avec",1,"9,7","9,7","102",3
"ACTAEA1","A","totale","avec",1,"9,6","7,2","490",2
"ACTAEA1","A","totale","avec",1,"20,7","12,3","365",3
"ACTAEA1","A","totale","avec",1,"18,2","11,4","485",3
"ACTAEA1","A","totale","avec",1,"11","7,5","500",2
"ACTSEA2","A","totale","sans",2,"12,6","4,5","390",2
"ACTSEA2","A","totale","sans",2,"10,7","7,8","162",2
"ACTSEA2","A","totale","sans",2,"35,1","34,7","132",3
"ACTSEA2","A","totale","sans",2,"14","13,3","197",4
"ACTSEA2","A","totale","sans",2,"11,8","6,7","122",3
"ACTSEA2","A","totale","sans",2,"17,9","17,8","122",3
"ACTSEA2","A","totale","sans",2,"10,4","8,4","108",3
"ACTSEA3","A","totale","sans",3,"30,3","25","172",3
"ACTSEA3","A","totale","sans",3,"14,2","10","270",3
"ACTSEA3","A","totale","sans",3,"36,8","25,2","245",2
"ACTSEA3","A","totale","sans",3,"10,7","6,3","352",2
"ACTSEA3","A","totale","sans",3,"19,1","10,7","140",4
"ACTSEA3","A","totale","sans",3,"26,5","20,9","230",3
"ACTSEA3","A","totale","sans",3,"12,5","11,8","109",3
"ACTSEA3","A","totale","sans",3,"23","20,4","165",4
"ACTSEA3","A","totale","sans",3,"21,5","18,5","137",4
"ACTSEA1","A","totale","sans",1,"18,8","16,4","162",4
"ACTSEA1","A","totale","sans",1,"12,3","8,2","295",4
"ACTSEA1","A","totale","sans",1,"24,9","24,4","365",4
"ACTSEA1","A","totale","sans",1,"9,1","8,1","225",3
"ACTSEA1","A","totale","sans",1,"18,7","18,6","127",4
"ACTSEA1","A","totale","sans",1,"17,3","10,9","221",4
"ACTSEA1","A","totale","sans",1,"23,1","16,3","206",4
"ACTSEA1","A","totale","sans",1,"14,4","11,7","180",3
"ACTSEA1","A","totale","sans",1,"20,3","19,1","125",4
"ACTSEA1","A","totale","sans",1,"21,2","20,1","134",4
"ACTSEA1","A","totale","sans",1,"11,6","11,1","260",3
"ACTSEA1","A","totale","sans",1,"15","11,7","200",2
"ACTSEA1","A","totale","sans",1,"12,4","8,1","395",3
"ACTSEA1","A","totale","sans",1,"38,2","33,4","300",4
"ACTSEA1","A","totale","sans",1,"14,5","8,7","129",3
"ACTSEA1","A","totale","sans",1,"14,1","3,7","995",2
"ACTSEA1","A","totale","sans",1,"10,1","6,9","155",2
"ACTSEA1","A","totale","sans",1,"24,1","22","350",4
"ACTSEA1","A","totale","sans",1,"14,5","12,1","255",2
"ACTSEA1","A","totale","sans",1,"25,2","21,7","245",2
"BCTAEA3","B","totale","avec",3,"11,1","9,4","192",3
"BCTAEA3","B","totale","avec",3,"10,4","9","208",3
"BCTAEA3","B","totale","avec",3,"14,6","5,6","272",3
"BCTAEA3","B","totale","avec",3,"24,8","21","335",4
"BCTAEA3","B","totale","avec",3,"22,4","10","107",3
"BCTAEA1","B","totale","avec",1,"19,1","16,9","102",3
"BCTAEA1","B","totale","avec",1,"34,5","33,6","357",4
"BCTAEA1","B","totale","avec",1,"27,5","25,4","264",4
"BCTAEA1","B","totale","avec",1,"27,4","28,6","116",4
"BCTAEA1","B","totale","avec",1,"16","15,2","146",3
"BCTAEA1","B","totale","avec",1,"19,1","17,3","412",2
"BCTAEA1","B","totale","avec",1,"13,8","8,8","204",2
"BCTAEA1","B","totale","avec",1,"24,5","16,6","206",4
"BCTAEA1","B","totale","avec",1,"14,7","4","328",2
"BCTAEA2","B","totale","avec",2,"18,3","11,12","168",4
"BCTAEA2","B","totale","avec",2,"12,8","7,8","355",2
"BCTAEA2","B","totale","avec",2,"10,6","8,9","138",3
"BCTAEA2","B","totale","avec",2,"10,7","7,2","172",3
"BCTAEA2","B","totale","avec",2,"11,2","4","500",3
"BCTAEA2","B","totale","avec",2,"29,7","9,9","119",2
"BCTAEA2","B","totale","avec",2,"25","22,6","210",3
"BCTAEA2","B","totale","avec",2,"13,2","6,6","275",3
"BCTAEA2","B","totale","avec",2,"14,8","9,4","148",3
"BCTAEA2","B","totale","avec",2,"24,4","23,1","220",4
"BCTSEA1","B","totale","sans",1,"11,9","9,9","117",3
"BCTSEA1","B","totale","sans",1,"10,1","8,9","107",4
"BCTSEA1","B","totale","sans",1,"17,3","7,3","372",2
"BCTSEA1","B","totale","sans",1,"9,8","8,4","154",4
"BCTSEA1","B","totale","sans",1,"15,6","10,7","305",2
"BCTSEA1","B","totale","sans",1,"20","16,5","233",3
"BCTSEA1","B","totale","sans",1,"9,1","6,1","365",3
"BCTSEA1","B","totale","sans",1,"11,9","7","323",3
"BCTSEA2","B","totale","sans",2,"10,2","8,5","371",2
"BCTSEA2","B","totale","sans",2,"15,7","14,3","162",3
"BCTSEA2","B","totale","sans",2,"9,1","7,9","231",4
"BCTSEA2","B","totale","sans",2,"13,5","11,2","112",3
"BCTSEA2","B","totale","sans",2,"31,2","21,9","130",3
"BCTSEA2","B","totale","sans",2,"9,4","8,9","156",2
"BCTSEA2","B","totale","sans",2,"10,2","2,5","430",2
"BCTSEA2","B","totale","sans",2,"9,3","2,6","448",2
"BCTSEA3","B","totale","sans",3,"19,1","8","341",2
"BCTSEA3","B","totale","sans",3,"9,1","7,8","213",3
"BCTSEA3","B","totale","sans",3,"20,5","16,9","132",3
"BCTSEA3","B","totale","sans",3,"9","7,9","239",3
"BCTSEA3","B","totale","sans",3,"26,3","20,3","112",3
"BCTSEA3","B","totale","sans",3,"14,4","13,3","216",2
"BCTSEA3","B","totale","sans",3,"12,5","11,3","126",4
"BCTSEA3","B","totale","sans",3,"14,7","11,2","119",4
"BCTSEA3","B","totale","sans",3,"11,6","9,1","135",2
"BCTSEA3","B","totale","sans",3,"13,4","11,3","340",3
"BCTSEA3","B","totale","sans",3,"9,4","7,6","168",3
"BCTSEA3","B","totale","sans",3,"13,3","9","176",3
"BCTSEA3","B","totale","sans",3,"10,8","8,1","221",3
"BCTSEA3","B","totale","sans",3,"11,7","4,2","316",2
"BCTSEA3","B","totale","sans",3,"9,2","8,1","186",2
"CCTAEA3","C","totale","avec",3,"13,3","7,6","161",2
"CCTAEA3","C","totale","avec",3,"10,2","5,2","202",2
"CCTAEA3","C","totale","avec",3,"11,9","7,7","181",2
"CCTAEA3","C","totale","avec",3,"15,3","14,9","106",3
"CCTAEA3","C","totale","avec",3,"11,1","7,3","141",3
"CCTAEA3","C","totale","avec",3,"9,2","5,8","144",2
"CCTAEA3","C","totale","avec",3,"11,8","9,5","206",2
"CCTAEA3","C","totale","avec",3,"9,8","2,5","153",3
"CCTAEA3","C","totale","avec",3,"15,3","12,2","116",3
"CCTAEA3","C","totale","avec",3,"9,4","7,3","135",3
"CCTAEA1","C","totale","avec",1,"19,6","15,8","131",3
"CCTAEA1","C","totale","avec",1,"14,3","15","199",3
"CCTAEA1","C","totale","avec",1,"14,4","7","174",3
"CCTAEA1","C","totale","avec",1,"10,5","7,1","252",4
"CCTAEA1","C","totale","avec",1,"10,8","6,3","151",3
"CCTAEA1","C","totale","avec",1,"9,1","6,8","124",3
"CCTAEA1","C","totale","avec",1,"10,5","9,1","238",2
"CCTAEA1","C","totale","avec",1,"13,9","9,4","192",3
"CCTAEA2","C","totale","avec",2,"9,7","8,7","123",3
"CCTAEA2","C","totale","avec",2,"10,7","8,9","188",2
"CCTAEA2","C","totale","avec",2,"13,1","12,2","108",3
"CCTAEA2","C","totale","avec",2,"9,1","6,7","182",3
"CCTAEA2","C","totale","avec",2,"9,1","2,9","127",3
"CT3","C","temoin","temoin",3,"13,2","3,8","1245",3
"CT3","C","temoin","temoin",3,"13,1","3,2","1245",3
"CT3","C","temoin","temoin",3,"20,7","6,4","1245",3
"CT3","C","temoin","temoin",3,"11,7","0,5","871",3
"CT3","C","temoin","temoin",3,"11","8,2","172",3
"CT3","C","temoin","temoin",3,"20,7","4,2","1523",3
"CT3","C","temoin","temoin",3,"25,8","4,3","1523",3
"CT3","C","temoin","temoin",3,"13,7","4,2","1523",3
"CT3","C","temoin","temoin",3,"12,3","3,7","565",2
"CT3","C","temoin","temoin",3,"20","10,3","385",3
"CT3","C","temoin","temoin",3,"11,6","6,9","250",4
"CT3","C","temoin","temoin",3,"26,8","15,6","380",2
"CT3","C","temoin","temoin",3,"16,2","0,6","135",3
"CCTSEA1","C","totale","sans",1,"11","9,3","175",2
"CCTSEA1","C","totale","sans",1,"13,9","9,4","141",3
"CCTSEA1","C","totale","sans",1,"20,8","18,3","118",2
"CCTSEA1","C","totale","sans",1,"10","5,4","222",3
"CCTSEA1","C","totale","sans",1,"14,6","5","185",3
"CCTSEA1","C","totale","sans",1,"12","4","175",3
"CCTSEA1","C","totale","sans",1,"20,9","15,8","172",2
"CCTSEA2","C","totale","sans",2,"11,3","8,4","276",4
"CCTSEA2","C","totale","sans",2,"18,4","1,6","183",2
"CCTSEA2","C","totale","sans",2,"11,7","4,6","105",3
"CCTSEA2","C","totale","sans",2,"19,9","18,6","110",3
"CCTSEA2","C","totale","sans",2,"9,5","5,8","680",3
"CCTSEA2","C","totale","sans",2,"9,9","7,1","255",3
"CCTSEA2","C","totale","sans",2,"13","8,1","437",2
"CCTSEA2","C","totale","sans",2,"10,7","11,7","105",4
"CCTSEA2","C","totale","sans",2,"9,8","8,1","280",3
"CCTSEA2","C","totale","sans",2,"9,4","8,2","137",3
"CCTSEA2","C","totale","sans",2,"9,3","6,3","118",3
"CCTSEA2","C","totale","sans",2,"28,3","25,7","189",3
"CCTSEA3","C","totale","sans",3,"10,5","10,3","131",4
"CCTSEA3","C","totale","sans",3,"10,5","10,1","219",3
"CCTSEA3","C","totale","sans",3,"9,2","6,2","369",2
"CCTSEA3","C","totale","sans",3,"9,5","7,3","153",3
"CCTSEA3","C","totale","sans",3,"13,8","9,5","212",3
"CCTSEA3","C","totale","sans",3,"10,9","1,4","184",2
"CCTSEA3","C","totale","sans",3,"12,2","11","128",4
"CCTSEA3","C","totale","sans",3,"13","1,9","142",2
"DCTAEA1","D","totale","avec",1,"18,1","16,5","147",3
"DCTAEA1","D","totale","avec",1,"20,9","18,3","132",3
"DCTAEA1","D","totale","avec",1,"26,5","10,3","139",3
"DCTAEA1","D","totale","avec",1,"15,4","9,9","149",4
"DCTAEA1","D","totale","avec",1,"19,7","19,3","334",3
"DCTAEA1","D","totale","avec",1,"12,2","9,1","160",2
"DCTAEA1","D","totale","avec",1,"12,8","6,7","231",2
"DCTAEA1","D","totale","avec",1,"9,3","3,1","271",4
"DCTAEA1","D","totale","avec",1,"12,3","10,4","394",3
"DCTAEA1","D","totale","avec",1,"9,5","8,5","295",3
"DCTAEA1","D","totale","avec",1,"12,4","10,7","242",4
"DCTAEA1","D","totale","avec",1,"22,2","17,8","143",4
"DCTAEA1","D","totale","avec",1,"28,1","19,3","220",3
"DCTAEA1","D","totale","avec",1,"13,2","11","134",3
"DCTAEA1","D","totale","avec",1,"23,6","22,4","219",3
"DCTAEA1","D","totale","avec",1,"29,7","25,4","218",3
"DCTAEA1","D","totale","avec",1,"14,4","9,7","112",4
"DCTAEA1","D","totale","avec",1,"9,7","10,3","272",3
"DCTAEA1","D","totale","avec",1,"20","18,3","187",3
"DCTAEA1","D","totale","avec",1,"10","8,7","173",2
"DCTAEA1","D","totale","avec",1,"19,9","18,8","240",4
"DCTAEA1","D","totale","avec",1,"11,8","11,2","106",3
"DCTAEA1","D","totale","avec",1,"35,2","20,9","353",2
"DCTAEA1","D","totale","avec",1,"17","11,4","109",4
"DCTAEA1","D","totale","avec",1,"16,1","15,2","121",3
"DCTAEA1","D","totale","avec",1,"17,5","16","123",3
"DCTAEA1","D","totale","avec",1,"9,2","7,1","220",3
"DCTAEA1","D","totale","avec",1,"20,1","19,8","137",3
"DCTAEA1","D","totale","avec",1,"20,5","19,2","264",4
"DCTAEA1","D","totale","avec",1,"20,1","19,3","141",3
"DCTAEA1","D","totale","avec",1,"18,5","17,7","103",4
"DCTAEA1","D","totale","avec",1,"24,1","21,4","488",3
"DCTAEA1","D","totale","avec",1,"19,7","19,4","227",2
"DCTAEA1","D","totale","avec",1,"12,7","11,6","184",3
"DCTAEA1","D","totale","avec",1,"13","4,9","332",3
"DCTAEA1","D","totale","avec",1,"6,1","3,7","330",3
"DCTAEA1","D","totale","avec",1,"9,2","6,9","125",3
"DCTAEA1","D","totale","avec",1,"11,2","9,8","330",3
"DCTAEA1","D","totale","avec",1,"22,9","12,4","405",2
"DCTAEA1","D","totale","avec",1,"12,4","6,9","305",2
"DCTAEA1","D","totale","avec",1,"14,6","6,7","221",2
"DCTAEA1","D","totale","avec",1,"11,8","3,2","552",3
"DCTAEA1","D","totale","avec",1,"13,3","13,1","113",4
"DCTAEA1","D","totale","avec",1,"23,6","21,1","108",4
"DCTAEA1","D","totale","avec",1,"13,9","11,8","118",4
"DCTAEA1","D","totale","avec",1,"18,8","9,8","103",3
"DCTAEA1","D","totale","avec",1,"11,6","3,2","550",2
"DCTAEA1","D","totale","avec",1,"10,3","10,1","102",2
"DCTAEA1","D","totale","avec",1,"14,7","9,2","177",4
"DCTAEA1","D","totale","avec",1,"13,9","10,5","146",3
"DCTAEA1","D","totale","avec",1,"13,4","7,1","506",2
"DCTAEA1","D","totale","avec",1,"13,5","7,6","145",3
"DCTAEA1","D","totale","avec",1,"11,6","17,7","175",2
"DCTAEA1","D","totale","avec",1,"12,1","9","220",3
"DCTAEA1","D","totale","avec",1,"30","9,6","127",3
"DCTAEA1","D","totale","avec",1,"16,3","11,1","325",3
"DCTAEA1","D","totale","avec",1,"19,2","13,2","420",2
"DCTAEA1","D","totale","avec",1,"15,7","5","330",3
"DCTAEA1","D","totale","avec",1,"8","4,4","185",3
"DCTAEA3","D","totale","avec",3,"15,5","7,6","208",3
"DCTAEA3","D","totale","avec",3,"9,9","9,7","208",2
"DCTAEA3","D","totale","avec",3,"14,3","10","142",3
"DCTAEA3","D","totale","avec",3,"23,1","15,9","568",3
"DCTAEA3","D","totale","avec",3,"20,3","18,2","168",3
"DCTAEA3","D","totale","avec",3,"10,8","7,6","153",2
"DCTAEA3","D","totale","avec",3,"9,2","8,4","121",2
"DCTAEA3","D","totale","avec",3,"16,4","15,9","142",2
"DCTAEA3","D","totale","avec",3,"18,9","11,9","124",2
"DCTAEA3","D","totale","avec",3,"20,9","19,1","102",3
"DCTAEA3","D","totale","avec",3,"24,4","15,1","219",3
"DCTAEA3","D","totale","avec",3,"12,3","5,3","350",4
"DCTAEA3","D","totale","avec",3,"14,1","6,1","350",3
"DCTAEA3","D","totale","avec",3,"12,3","8,2","194",2
"DCTAEA3","D","totale","avec",3,"12,3","9,1","208",2
"DCTAEA3","D","totale","avec",3,"10,3","12,7","171",3
"DCTAEA3","D","totale","avec",3,"9,3","6,3","225",4
"DCTAEA3","D","totale","avec",3,"11,1","6,8","303",2
"DCTAEA3","D","totale","avec",3,"14,1","9,4","173",2
"DCTAEA3","D","totale","avec",3,"26,3","23,7","180",2
"DCTAEA3","D","totale","avec",3,"13,7","8,9","460",2
"DCTAEA3","D","totale","avec",3,"11,8","7,4","460",2
"DCTAEA3","D","totale","avec",3,"13,6","5,4","460",4
"DCTAEA3","D","totale","avec",3,"11,3","2,6","460",3
"DCTAEA3","D","totale","avec",3,"14,2","4","460",4
"DCTAEA3","D","totale","avec",3,"10,4","9,2","303",2
"DCTAEA3","D","totale","avec",3,"9,6","6,7","178",3
"DCTAEA3","D","totale","avec",3,"12,4","6,1","130",2
"DCTAEA3","D","totale","avec",3,"11,8","4,5","243",3
"DCTAEA3","D","totale","avec",3,"31,3","31","110",3
"DCTAEA3","D","totale","avec",3,"22,8","12,8","145",3
"DCTAEA3","D","totale","avec",3,"21,9","17,8","198",2
"DCTAEA3","D","totale","avec",3,"30,7","27,9","108",3
"DCTAEA3","D","totale","avec",3,"10,9","8,6","279",3
"DCTAEA3","D","totale","avec",3,"9,1","6","193",4
"DCTAEA3","D","totale","avec",3,"19,2","17,7","209",4
"DCTAEA3","D","totale","avec",3,"13,7","11","133",3
"DCTAEA3","D","totale","avec",3,"14,7","14,6","465",3
"DCTAEA3","D","totale","avec",3,"10,2","7,6","120",3
"DCTAEA3","D","totale","avec",3,"41,9","30,7","130",3
"DCTAEA3","D","totale","avec",3,"20,4","19,7","127",3
"DCTAEA3","D","totale","avec",3,"17","13,7","142",3
"DCTAEA3","D","totale","avec",3,"18","12,9","187",4
"DCTAEA3","D","totale","avec",3,"13,6","12,8","106",4
"DCTAEA3","D","totale","avec",3,"18,6","18,5","124",3
"DCTAEA3","D","totale","avec",3,"18,5","16,1","124",3
"DCTAEA3","D","totale","avec",3,"11,4","7,7","325",2
"DCTAEA3","D","totale","avec",3,"9,5","7,2","346",4
"DCTAEA3","D","totale","avec",3,"9,4","4","438",4
"DCTAEA3","D","totale","avec",3,"16,1","10","299",2
"DCTAEA3","D","totale","avec",3,"14,1","13","141",4
"DCTAEA3","D","totale","avec",3,"12,1","9,6","158",3
"DCTAEA3","D","totale","avec",3,"16,7","14,3","154",3
"DCTAEA3","D","totale","avec",3,"23","15,9","492",4
"DCTAEA3","D","totale","avec",3,"20,7","15,9","154",3
"DCTAEA3","D","totale","avec",3,"14,3","14,1","186",3
"DCTAEA3","D","totale","avec",3,"11,7","9,4","144",3
"DCTAEA3","D","totale","avec",3,"11,7","8,9","194",2
"DCTAEA3","D","totale","avec",3,"19,9","18,4","106",4
"DCTAEA3","D","totale","avec",3,"14,6","11","175",4
"DCTAEA3","D","totale","avec",3,"23,8","22,6","109",3
"DCTAEA3","D","totale","avec",3,"10,3","8,7","190",3
"DCTAEA3","D","totale","avec",3,"9,7","9,1","173",2
"DCTAEA2","D","totale","avec",2,"14,6","14,2","106",3
"DCTAEA2","D","totale","avec",2,"9,6","8","220",3
"DCTAEA2","D","totale","avec",2,"11","10,5","124",3
"DCTAEA2","D","totale","avec",2,"14,2","12,2","175",3
"DCTAEA2","D","totale","avec",2,"9,8","9,3","131",4
"DCTAEA2","D","totale","avec",2,"26,7","18,3","205",3
"DCTAEA2","D","totale","avec",2,"12,2","9,1","380",4
"DCTAEA2","D","totale","avec",2,"9,1","8,5","106",2
"DCTAEA2","D","totale","avec",2,"13,2","10,2","153",3
"DCTAEA2","D","totale","avec",2,"10,1","6,3","192",3
"DCTAEA2","D","totale","avec",2,"10,9","9,7","204",3
"DCTAEA2","D","totale","avec",2,"9,6","6,3","254",2
"DCTAEA2","D","totale","avec",2,"10,7","7,2","228",4
"DCTAEA2","D","totale","avec",2,"10,2","11,1","140",4
"DCTAEA2","D","totale","avec",2,"11,4","9,1","132",3
"DCTAEA2","D","totale","avec",2,"23,6","17,9","182",3
"DCTAEA2","D","totale","avec",2,"13,5","7,6","292",4
"DCTAEA2","D","totale","avec",2,"12,8","12,6","107",2
"DCTAEA2","D","totale","avec",2,"18,7","14","144",2
"DCTAEA2","D","totale","avec",2,"15,9","14,3","261",4
"DCTAEA2","D","totale","avec",2,"10,7","8","114",3
"DCTAEA2","D","totale","avec",2,"10,4","5,3","156",2
"DCTAEA2","D","totale","avec",2,"14,2","10,5","245",2
"DCTAEA2","D","totale","avec",2,"17,3","14,2","160",2
"DCTAEA2","D","totale","avec",2,"13,3","11,9","105",4
"DCTAEA2","D","totale","avec",2,"20,4","17,1","177",2
"DCTAEA2","D","totale","avec",2,"24,9","19,1","400",3
"DCTAEA2","D","totale","avec",2,"16,6","16,4","132",3
"DCTAEA2","D","totale","avec",2,"13,9","10,9","140",2
"DCTSEA3","D","totale","sans",3,"16,6","16,4","138",4
"DCTSEA3","D","totale","sans",3,"10","7,9","238",3
"DCTSEA3","D","totale","sans",3,"9,5","9,4","137",2
"DCTSEA3","D","totale","sans",3,"20,4","19,5","219",4
"DCTSEA3","D","totale","sans",3,"29,7","23,8","121",4
"DCTSEA3","D","totale","sans",3,"21,4","19,1","127",4
"DCTSEA3","D","totale","sans",3,"15,4","14,1","102",3
"DCTSEA3","D","totale","sans",3,"28,5","23,6","574",2
"DCTSEA3","D","totale","sans",3,"18,5","15,4","184",3
"DCTSEA3","D","totale","sans",3,"23,6","20,7","112",3
"DCTSEA3","D","totale","sans",3,"10,5","9,2","206",4
"DCTSEA3","D","totale","sans",3,"17,9","16,8","146",3
"DCTSEA1","D","totale","sans",1,"10,2","9,6","161",2
"DCTSEA1","D","totale","sans",1,"9","5,1","113",2
"DCTSEA1","D","totale","sans",1,"23,8","20,8","155",3
"DCTSEA1","D","totale","sans",1,"14,6","8,9","314",2
"DCTSEA1","D","totale","sans",1,"10,1","9,7","166",2
"DCTSEA1","D","totale","sans",1,"24,4","10,4","313",3
"DCTSEA1","D","totale","sans",1,"18,3","7,7","101",4
"DCTSEA1","D","totale","sans",1,"12,6","10,8","100",4
"DCTSEA1","D","totale","sans",1,"10,1","9,8","133",4
"DCTSEA1","D","totale","sans",1,"18,5","18,2","144",2
"DCTSEA1","D","totale","sans",1,"9,8","7,3","200",3
"DCTSEA1","D","totale","sans",1,"9,1","8,1","337",2
"DCTSEA1","D","totale","sans",1,"13,4","9,1","213",4
"DCTSEA1","D","totale","sans",1,"21,9","10,3","432",3
"DCTSEA1","D","totale","sans",1,"19,4","15,7","154",2
"DCTSEA1","D","totale","sans",1,"25,4","19,4","183",4
"DCTSEA1","D","totale","sans",1,"13,7","12,3","141",2
"DCTSEA2","D","totale","sans",2,"11,8","8,4","174",2
"DCTSEA2","D","totale","sans",2,"16,4","8,7","445",3
"DCTSEA2","D","totale","sans",2,"9","6,9","224",4
"DCTSEA2","D","totale","sans",2,"16,7","9,9","335",3
"DCTSEA2","D","totale","sans",2,"18,9","17,1","307",2
"DCTSEA2","D","totale","sans",2,"9,7","8,1","143",3
"DCTSEA2","D","totale","sans",2,"9,6","8,6","134",4
"DCTSEA2","D","totale","sans",2,"9,8","9,7","110",3
"DCTSEA2","D","totale","sans",2,"16,4","4,1","328",2
"DCTSEA2","D","totale","sans",2,"13,4","3,6","626",3
"DCTSEA2","D","totale","sans",2,"9,8","5,7","246",2
"DCTSEA2","D","totale","sans",2,"12,3","4,9","142",3
"DCTSEA2","D","totale","sans",2,"25,6","10,9","118",3
"DCTSEA2","D","totale","sans",2,"12,4","10","310",2
"DCTSEA2","D","totale","sans",2,"39,4","29,7","230",4
"DCTSEA2","D","totale","sans",2,"14,2","11,1","146",4
"DCTSEA2","D","totale","sans",2,"16,2","8,3","255",3
"DCTSEA2","D","totale","sans",2,"16,8","13,6","124",2
"DCTSEA2","D","totale","sans",2,"12,6","3,5","375",3
"DCTSEA2","D","totale","sans",2,"20,1","18","119",4
"DCTSEA2","D","totale","sans",2,"24,9","22,3","139",3
"DCTSEA2","D","totale","sans",2,"24,9","22,9","164",4
"ACPSEA3","A","partielle","sans",3,"11,4","9,9","134",2
"ACPSEA3","A","partielle","sans",3,"10,5","6,5","739",2
"ACPSEA3","A","partielle","sans",3,"16,5","10,6","232",2
"ACPSEA3","A","partielle","sans",3,"24","21","363",3
"ACPSEA3","A","partielle","sans",3,"25","14,9","265",3
"ACPSEA3","A","partielle","sans",3,"14,6","11,3","297",2
"ACPSEA3","A","partielle","sans",3,"13,7","7,7","398",3
"ACPSEA3","A","partielle","sans",3,"32,3","25,5","260",4
"ACPSEA3","A","partielle","sans",3,"18,7","13,5","500",2
"ACPSEA3","A","partielle","sans",3,"20,5","13,4","226",2
"ACPSEA3","A","partielle","sans",3,"39,8","24","414",4
"ACPSEA3","A","partielle","sans",3,"43,6","28,9","140",3
"ACPSEA3","A","partielle","sans",3,"26,2","23,6","138",4
"ACPSEA3","A","partielle","sans",3,"15,2","8,1","337",4
"ACPSEA3","A","partielle","sans",3,"21,6","20,4","110",4
"ACPSEA3","A","partielle","sans",3,"12,3","7,9","106",2
"ACPSEA3","A","partielle","sans",3,"11,8","7,6","295",2
"ACPSEA2","A","partielle","sans",2,"14","8,7","338",2
"ACPSEA2","A","partielle","sans",2,"9","7,3","327",2
"ACPSEA2","A","partielle","sans",2,"32,1","23,6","240",2
"ACPSEA2","A","partielle","sans",2,"43,9","35,7","304",4
"ACPSEA2","A","partielle","sans",2,"34,5","26,9","296",4
"ACPSEA2","A","partielle","sans",2,"27,8","17","143",3
"ACPSEA2","A","partielle","sans",2,"25,1","24,6","159",4
"ACPSEA2","A","partielle","sans",2,"15,5","12,1","108",4
"ACPSEA2","A","partielle","sans",2,"11,5","9,2","169",3
"ACPSEA2","A","partielle","sans",2,"11,5","9,2","169",3
"ACPSEA2","A","partielle","sans",2,"11,5","9,2","169",3
"ACPSEA2","A","partielle","sans",2,"11,4","8,9","254",1
"ACPSEA2","A","partielle","sans",2,"15,1","11,5","173",1
"ACPSEA2","A","partielle","sans",2,"10,2","8,9","107",3
"ACPSEA2","A","partielle","sans",2,"15,1","10,6","427",4
"ACPSEA2","A","partielle","sans",2,"17","14,2","153",2
"ACPSEA2","A","partielle","sans",2,"9,7","9,1","200",3
"ACPSEA1","A","partielle","sans",1,"9,8","9,1","264",4
"ACPSEA1","A","partielle","sans",1,"23,9","18,7","330",3
"ACPSEA1","A","partielle","sans",1,"10,3","7,4","233",3
"ACPSEA1","A","partielle","sans",1,"13,8","12,3","13,5",2
"ACPSEA1","A","partielle","sans",1,"11,1","10,1","125",2
"ACPSEA1","A","partielle","sans",1,"17,5","14,5","218",4
"ACPSEA1","A","partielle","sans",1,"25,1","21,3","240",4
"ACPSEA1","A","partielle","sans",1,"12,3","12,2","138",4
"ACPSEA1","A","partielle","sans",1,"40","20,2","212",2
"ACPSEA1","A","partielle","sans",1,"24,5","10,5","1208",4
"ACPSEA1","A","partielle","sans",1,"19,1","17,5","380",3
"ACPSEA1","A","partielle","sans",1,"23,7","19,2","124",3
"ACPSEA1","A","partielle","sans",1,"26,1","22,8","170",2
"ACPSEA1","A","partielle","sans",1,"18,8","16,1","440",3
"ACPSEA1","A","partielle","sans",1,"20","17,2","185",3
"ACPSEA1","A","partielle","sans",1,"45,4","33,2","514",3
"ACPSEA1","A","partielle","sans",1,"34,3","34,1","164",4
"ACPSEA1","A","partielle","sans",1,"10,9","9,4","215",2
"ACPSEA1","A","partielle","sans",1,"30,9","29,2","168",3
"ACPSEA1","A","partielle","sans",1,"20,2","20,2","235",3
"AT1","A","temoin","temoin",1,"16,8","1,8","1508",1
"AT1","A","temoin","temoin",1,"22,8","9,3","873",2
"AT1","A","temoin","temoin",1,"19","5,4","875",2
"AT1","A","temoin","temoin",1,"15,2","7,2","832",3
"AT1","A","temoin","temoin",1,"22,1","12,2","835",3
"AT1","A","temoin","temoin",1,"19,2","13,1","240",3
"AT1","A","temoin","temoin",1,"31,2","15,7","1160",1
"AT1","A","temoin","temoin",1,"36,3","13,4","1600",3
"AT1","A","temoin","temoin",1,"21,7","31,8","114",3
"AT1","A","temoin","temoin",1,"9,4","7,4","208",3
"AT1","A","temoin","temoin",1,"13,6","3","711",3
"AT1","A","temoin","temoin",1,"10","3,3","270",2
"ACPAEA3","A","partielle","avec",3,"10,1","5,2","258",3
"ACPAEA3","A","partielle","avec",3,"11,3","4,9","966",2
"ACPAEA3","A","partielle","avec",3,"18,2","15,9","436",4
"ACPAEA3","A","partielle","avec",3,"9,3","6,2","730",2
"ACPAEA3","A","partielle","avec",3,"14,4","12,3","164",3
"ACPAEA3","A","partielle","avec",3,"12,3","12,2","273",3
"ACPAEA3","A","partielle","avec",3,"14,1","13","113",2
"ACPAEA3","A","partielle","avec",3,"15,9","14,6","137",3
"ACPAEA3","A","partielle","avec",3,"11,5","7,9","520",2
"ACPAEA3","A","partielle","avec",3,"8,2","6,9","590",2
"ACPAEA3","A","partielle","avec",3,"17,6","13,7","104",4
"ACPAEA3","A","partielle","avec",3,"17,7","12,5","330",3
"ACPAEA3","A","partielle","avec",3,"12,1","10,2","104",2
"ACPAEA3","A","partielle","avec",3,"17,3","7,3","910",3
"ACPAEA3","A","partielle","avec",3,"12,3","8,3","170",4
"ACPAEA3","A","partielle","avec",3,"19,9","3,6","1540",3
"ACPAEA3","A","partielle","avec",3,"11,2","6,7","915",3
"ACPAEA3","A","partielle","avec",3,"11,2","8,3","311",2
"ACPAEA3","A","partielle","avec",3,"13","11,7","154",2
"ACPAEA3","A","partielle","avec",3,"22","15,6","230",2
"ACPAEA3","A","partielle","avec",3,"7,1","4,1","190",2
"ACPAEA3","A","partielle","avec",3,"13,7","4,5","320",3
"ACPAEA3","A","partielle","avec",3,"17,5","9,8","140",3
"ACPAEA3","A","partielle","avec",3,"10,3","5,8","248",2
"ACPAEA3","A","partielle","avec",3,"9,6","8,6","176",2
"ACPAEA3","A","partielle","avec",3,"13,7","7,3","129",2
"ACPAEA3","A","partielle","avec",3,"12,7","8","140",2
"ACPAEA2","A","partielle","avec",2,"12,6","11,4","145",3
"ACPAEA2","A","partielle","avec",2,"25,6","19,6","410",3
"ACPAEA2","A","partielle","avec",2,"13","5","1,08",3
"ACPAEA2","A","partielle","avec",2,"16,9","15,9","190",3
"ACPAEA2","A","partielle","avec",2,"21,1","18","196",3
"ACPAEA2","A","partielle","avec",2,"17,7","17,5","190",3
"ACPAEA2","A","partielle","avec",2,"18,3","11,9","545",2
"ACPAEA2","A","partielle","avec",2,"15,9","15,7","100",3
"ACPAEA2","A","partielle","avec",2,"18,9","16,8","450",3
"ACPAEA2","A","partielle","avec",2,"14,4","10,6","400",2
"ACPAEA2","A","partielle","avec",2,"13,2","12,5","140",4
"ACPAEA2","A","partielle","avec",2,"10,3","9,1","365",2
"ACPAEA2","A","partielle","avec",2,"17,4","16,3","125",2
"ACPAEA2","A","partielle","avec",2,"19,7","17,2","528",3
"ACPAEA2","A","partielle","avec",2,"13,2","10,5","287",2
"ACPAEA2","A","partielle","avec",2,"14,4","2,1","1070",3
"ACPAEA2","A","partielle","avec",2,"15,3","17,3","367",2
"ACPAEA2","A","partielle","avec",2,"9,6","9,1","280",2
"ACPAEA2","A","partielle","avec",2,"29,1","18,1","440",2
"ACPAEA2","A","partielle","avec",2,"14","11","360",2
"ACPAEA2","A","partielle","avec",2,"16,9","14,3","487",2
"ACPAEA2","A","partielle","avec",2,"22","21,1","148",4
"ACPAEA2","A","partielle","avec",2,"25,8","17,4","234",3
"ACPAEA2","A","partielle","avec",2,"12,8","12,2","330",4
"ACPAEA2","A","partielle","avec",2,"16,5","13,5","178",3
"ACPAEA2","A","partielle","avec",2,"11,1","6,2","760",2
"ACPAEA2","A","partielle","avec",2,"13,7","6,4","800",2
"ACPAEA2","A","partielle","avec",2,"21,7","20,9","286",3
"ACPAEA2","A","partielle","avec",2,"15,6","11","144",3
"ACPAEA2","A","partielle","avec",2,"20","17","515",3
"ACPAEA1","A","partielle","avec",1,"31,1","12","1600",3
"ACPAEA1","A","partielle","avec",1,"10","6,6","314",2
"ACPAEA1","A","partielle","avec",1,"13,1","9,1","430",3
"ACPAEA1","A","partielle","avec",1,"12,3","6,4","550",2
"ACPAEA1","A","partielle","avec",1,"14,2","10,5","445",3
"ACPAEA1","A","partielle","avec",1,"26,5","21,7","343",4
"ACPAEA1","A","partielle","avec",1,"10,8","5,9","276",2
"ACPAEA1","A","partielle","avec",1,"19,4","16,5","340",2
"ACPAEA1","A","partielle","avec",1,"31,4","22,1","124",4
"ACPAEA1","A","partielle","avec",1,"9,8","9,6","160",3
"ACPAEA1","A","partielle","avec",1,"12,9","9,6","215",4
"ACPAEA1","A","partielle","avec",1,"18,4","10,3","900",2
"ACPAEA1","A","partielle","avec",1,"21","11","724",1
"ACPAEA1","A","partielle","avec",1,"20,5","15,1","618",3
"ACPAEA1","A","partielle","avec",1,"14,9","11","270",2
"ACPAEA1","A","partielle","avec",1,"11,5","9,7","347",2
"ACPAEA1","A","partielle","avec",1,"18,6","18,1","360",2
"ACPAEA1","A","partielle","avec",1,"16,9","13,9","170",2
"ACPAEA1","A","partielle","avec",1,"16,2","14","139",2
"ACPAEA1","A","partielle","avec",1,"12,8","10,8","143",2
"ACPAEA1","A","partielle","avec",1,"15,3","11,4","310",3
"ACPAEA1","A","partielle","avec",1,"10,7","9,4","194",3
"ACPAEA1","A","partielle","avec",1,"16,8","13,2","245",4
"ACPAEA1","A","partielle","avec",1,"11","4,5","510",4
"ACPAEA1","A","partielle","avec",1,"14,7","11,9","155",3
"ACPAEA1","A","partielle","avec",1,"11,6","6,4","520",2
"ACPAEA1","A","partielle","avec",1,"7,2","6,2","155",2
"ACPAEA1","A","partielle","avec",1,"9,6","5,5","390",3
"ACPAEA1","A","partielle","avec",1,"9,2","7,4","240",2
"ACPAEA1","A","partielle","avec",1,"12","11,2","150",2
"ACPAEA1","A","partielle","avec",1,"9,3","7,2","168",2
"AT3","A","temoin","temoin",3,"22,2","13,2","877",3
"AT3","A","temoin","temoin",3,"15,4","9","320",2
"AT3","A","temoin","temoin",3,"37,6","28,8","674",4
"AT3","A","temoin","temoin",3,"15,1","3,2","600",4
"AT3","A","temoin","temoin",3,"15,2","7,1","534",3
"AT3","A","temoin","temoin",3,"18,9","12,5","450",4
"AT3","A","temoin","temoin",3,"13,1","8,5","174",4
"AT3","A","temoin","temoin",3,"50","41","120",3
"AT3","A","temoin","temoin",3,"50","38,2","150",3
"AT3","A","temoin","temoin",3,"49,2","39,7","242",4
"AT3","A","temoin","temoin",3,"12,9","8,7","295",3
"AT3","A","temoin","temoin",3,"10,3","8,1","247",4
"AT3","A","temoin","temoin",3,"12,1","3,4","805",2
"AT3","A","temoin","temoin",3,"9,5","9,1","160",4
"BT3","B","temoin","temoin",3,"40,2","21,3","423",3
"BT3","B","temoin","temoin",3,"13,2","8,4","100",4
"BT3","B","temoin","temoin",3,"12,4","8","400",2
"BT3","B","temoin","temoin",3,"14","13,1","375",4
"BT3","B","temoin","temoin",3,"13,3","8,3","720",4
"BT3","B","temoin","temoin",3,"27","9,8","2080",3
"BT3","B","temoin","temoin",3,"16,6","32,1","1125",4
"BT3","B","temoin","temoin",3,"9,1","4,6","509",3
"BT2","B","temoin","temoin",2,"9,7","6","950",2
"BT2","B","temoin","temoin",2,"10,7","4,5","493",1
"BT2","B","temoin","temoin",2,"11,5","7,1","321",4
"BT2","B","temoin","temoin",2,"13,2","7,2","304",2
"BT2","B","temoin","temoin",2,"16,2","9,9","566",4
"BT2","B","temoin","temoin",2,"9","5,7","506",4
"AT2","A","temoin","temoin",2,"21,2","12,7","526",3
"AT2","A","temoin","temoin",2,"11,7","5,4","270",2
"AT2","A","temoin","temoin",2,"12,3","12","528",3
"AT2","A","temoin","temoin",2,"31,3","28,2","189",3
"AT2","A","temoin","temoin",2,"50","30","131",4
"AT2","A","temoin","temoin",2,"34,6","32,9","173",3
"AT2","A","temoin","temoin",2,"11,7","11,1","221",4
"AT2","A","temoin","temoin",2,"12,2","9,9","242",2
"AT2","A","temoin","temoin",2,"14,9","12,3","204",2
"AT2","A","temoin","temoin",2,"10,1","9","176",2
"AT2","A","temoin","temoin",2,"14,5","13,9","141",2
"AT2","A","temoin","temoin",2,"15,6","7,9","500",3
"BT1","B","temoin","temoin",1,"9,1","1","929",1
"BT1","B","temoin","temoin",1,"10,2","5,6","390",4
"BT1","B","temoin","temoin",1,"19,2","16,8","132",4
"BT1","B","temoin","temoin",1,"9,1","5,3","676",2
"BCPAEA3","B","partielle","avec",3,"17,8","14,7","366",2
"BCPAEA3","B","partielle","avec",3,"16","11,6","236",2
"BCPAEA3","B","partielle","avec",3,"15","9","749",4
"BCPAEA3","B","partielle","avec",3,"10,3","8,8","162",3
"BCPAEA3","B","partielle","avec",3,"11,7","10","175",3
"BCPAEA3","B","partielle","avec",3,"12","10,7","123",3
"BCPAEA3","B","partielle","avec",3,"13,3","12,6","154",3
"BCPAEA3","B","partielle","avec",3,"12,1","11,7","131",2
"BCPAEA3","B","partielle","avec",3,"19,1","15,5","580",3
"BCPAEA3","B","partielle","avec",3,"16,3","12,9","215",3
"BCPAEA3","B","partielle","avec",3,"12,9","10,1","167",3
"BCPAEA3","B","partielle","avec",3,"18,4","13,1","288",3
"BCPAEA3","B","partielle","avec",3,"9,9","9","203",4
"BCPAEA3","B","partielle","avec",3,"8,8","8,4","204",1
"BCPAEA3","B","partielle","avec",3,"9,7","8,6","123",3
"BCPAEA3","B","partielle","avec",3,"25,4","18,9","236",3
"BCPAEA3","B","partielle","avec",3,"24,1","20,3","320",4
"BCPAEA3","B","partielle","avec",3,"23,3","21,6","203",2
"BCPAEA3","B","partielle","avec",3,"9,8","8,6","155",3
"BCPAEA3","B","partielle","avec",3,"9,3","8,1","277",4
"BCPAEA3","B","partielle","avec",3,"33,2","24,9","231",3
"BCPAEA3","B","partielle","avec",3,"9,9","8,6","152",3
"BCPAEA3","B","partielle","avec",3,"13,3","11,2","280",2
"BCPAEA3","B","partielle","avec",3,"20,3","13,3","235",2
"BCPAEA3","B","partielle","avec",3,"11,6","10,2","237",4
"BCPAEA3","B","partielle","avec",3,"9,6","8,4","204",2
"BCPAEA3","B","partielle","avec",3,"10,4","10,1","132",3
"BCPAEA3","B","partielle","avec",3,"10,7","7,9","203",2
"BCPAEA3","B","partielle","avec",3,"11,8","10,3","273",2
"BCPAEA3","B","partielle","avec",3,"10,8","10,3","232",2
"BCPAEA3","B","partielle","avec",3,"13,6","13,5","140",4
"BCPAEA3","B","partielle","avec",3,"17,7","13,8","146",2
"BCPAEA3","B","partielle","avec",3,"11,3","5,6","365",2
"BCPAEA3","B","partielle","avec",3,"18,7","17,6","184",2
"BCPAEA3","B","partielle","avec",3,"22,6","18","138",2
"BCPAEA3","B","partielle","avec",3,"24,6","14,8","408",3
"BCPAEA3","B","partielle","avec",3,"24,8","18,1","120",3
"BCPAEA3","B","partielle","avec",3,"15,8","10,8","737",1
"BCPAEA3","B","partielle","avec",3,"10,2","5","510",3
"BCPAEA3","B","partielle","avec",3,"27,4","12,3","613",2
"BCPAEA3","B","partielle","avec",3,"15","14,9","109",2
"BCPAEA3","B","partielle","avec",3,"13","9,4","254",2
"BCPAEA3","B","partielle","avec",3,"13,7","13,2","212",2
"BCPAEA3","B","partielle","avec",3,"13,8","7,8","438",2
"BCPAEA1","B","partielle","avec",1,"10,5","2,1","770",1
"BCPAEA1","B","partielle","avec",1,"18,5","18,1","139",4
"BCPAEA1","B","partielle","avec",1,"17,8","17,7","198",3
"BCPAEA1","B","partielle","avec",1,"26,9","16,5","388",4
"BCPAEA1","B","partielle","avec",1,"9,3","7,4","327",3
"BCPAEA1","B","partielle","avec",1,"14,8","6,1","480",3
"BCPAEA1","B","partielle","avec",1,"15,8","11,3","374",4
"BCPAEA1","B","partielle","avec",1,"10,2","5,2","394",1
"BCPAEA1","B","partielle","avec",1,"13,7","4,8","880",2
"BCPAEA1","B","partielle","avec",1,"18,5","15","450",4
"BCPAEA1","B","partielle","avec",1,"9,6","4,8","532",1
"BCPAEA2","B","partielle","avec",2,"17,8","3,9","1140",2
"BCPAEA2","B","partielle","avec",2,"9,6","3,1","650",3
"BCPAEA2","B","partielle","avec",2,"15,7","15,2","124",2
"BCPAEA2","B","partielle","avec",2,"41","3,8","700",3
"BCPAEA2","B","partielle","avec",2,"13","10,7","147",3
"BCPAEA2","B","partielle","avec",2,"17,8","15,4","378",1
"BCPAEA2","B","partielle","avec",2,"26,6","24,3","1090",2
"BCPAEA2","B","partielle","avec",2,"22,4","13,7","580",2
"BCPAEA2","B","partielle","avec",2,"23,2","16","830",2
"BCPAEA2","B","partielle","avec",2,"36,5","13,4","370",2
"BCPAEA2","B","partielle","avec",2,"22,8","17,1","593",4
"BCPAEA2","B","partielle","avec",2,"11,1","5,6","410",1
"BCPAEA2","B","partielle","avec",2,"20","9,9","270",2
"BCPAEA2","B","partielle","avec",2,"10,2","13,1","300",NA
"BCPAEA2","B","partielle","avec",2,"23,2","16,8","516",4
"BCPAEA2","B","partielle","avec",2,"13","3,7","970",3
"BCPAEA2","B","partielle","avec",2,"11,5","2,9","639",2
"BCPAEA2","B","partielle","avec",2,"21,3","6,5","1122",3
"BCPAEA2","B","partielle","avec",2,"11,6","11","352",3
"BCPAEA2","B","partielle","avec",2,"10,3","9,7","155",4
"BCPAEA2","B","partielle","avec",2,"20,4","10,3","589",3
"BCPAEA2","B","partielle","avec",2,"27,9","15,4","165",4
"BCPSEA1","B","partielle","sans",1,"10,1","7,8","233",2
"BCPSEA1","B","partielle","sans",1,"12,5","10,1","204",3
"BCPSEA1","B","partielle","sans",1,"16,9","16,3","268",3
"BCPSEA1","B","partielle","sans",1,"50","42,3","220",4
"BCPSEA1","B","partielle","sans",1,"10,2","2,4","830",2
"BCPSEA1","B","partielle","sans",1,"11,3","1,2","820",3
"BCPSEA1","B","partielle","sans",1,"12","11,3","157",3
"BCPSEA1","B","partielle","sans",1,"10,8","8,6","144",3
"BCPSEA1","B","partielle","sans",1,"10,3","13,9","218",2
"BCPSEA1","B","partielle","sans",1,"11,8","11","144",3
"BCPSEA1","B","partielle","sans",1,"10","5,7","138",3
"BCPSEA1","B","partielle","sans",1,"11,5","10,3","100",4
"BCPSEA3","B","partielle","sans",3,"11,4","10,9","394",4
"BCPSEA3","B","partielle","sans",3,"9,6","9,5","242",4
"BCPSEA3","B","partielle","sans",3,"9,7","7,8","123",3
"BCPSEA3","B","partielle","sans",3,"10","9,6","167",3
"BCPSEA3","B","partielle","sans",3,"13,7","10,4","197",4
"BCPSEA3","B","partielle","sans",3,"10,3","6,6","303",4
"BCPSEA3","B","partielle","sans",3,"13,2","9,6","577",3
"BCPSEA3","B","partielle","sans",3,"23","14,8","670",4
"BCPSEA3","B","partielle","sans",3,"12,9","12,7","102",4
"BCPSEA3","B","partielle","sans",3,"9","8,3","184",4
"BCPSEA3","B","partielle","sans",3,"10,7","9,4","106",4
"BCPSEA2","B","partielle","sans",2,"14,3","11,2","488",4
"BCPSEA2","B","partielle","sans",2,"20","19,7","100",3
"BCPSEA2","B","partielle","sans",2,"11,2","6","390",3
"BCPSEA2","B","partielle","sans",2,"13,4","13,3","523",4
"BCPSEA2","B","partielle","sans",2,"12,1","10,2","275",2
"BCPSEA2","B","partielle","sans",2,"14,9","13,5","169",3
"BCPSEA2","B","partielle","sans",2,"15,6","15,3","163",3
"BCPSEA2","B","partielle","sans",2,"17,7","16,6","115",3
"BCPSEA2","B","partielle","sans",2,"16,6","4","1000",3
"BCPSEA2","B","partielle","sans",2,"10,3","4,4","650",3
"BCPSEA2","B","partielle","sans",2,"14,7","11,1","220",4
"BCPSEA2","B","partielle","sans",2,"10,1","6,2","726",2
"BCPSEA2","B","partielle","sans",2,"11,3","10","288",3
"BCPSEA2","B","partielle","sans",2,"13,4","9,4","334",2
"BCPSEA2","B","partielle","sans",2,"9,3","4","690",2
"BCPSEA2","B","partielle","sans",2,"15","10,4","324",3
"BCPSEA2","B","partielle","sans",2,"21,7","15,5","324",3
"BCPSEA2","B","partielle","sans",2,"15","8","360",2
"BCPSEA2","B","partielle","sans",2,"13","7,4","250",3
"BCPSEA2","B","partielle","sans",2,"9,3","4,4","424",3
"CCPSEA3","C","partielle","sans",3,"12,1","11,4","144",3
"CCPSEA3","C","partielle","sans",3,"18,3","7,8","251",3
"CCPSEA3","C","partielle","sans",3,"15,2","10,4","265",4
"CCPSEA3","C","partielle","sans",3,"12,3","9,2","346",3
"CCPSEA3","C","partielle","sans",3,"9,1","6,5","335",4
"CCPSEA3","C","partielle","sans",3,"9,6","6,7","105",4
"CCPSEA3","C","partielle","sans",3,"10,2","9,7","100",4
"CCPSEA3","C","partielle","sans",3,"13,3","11","283",4
"CCPSEA3","C","partielle","sans",3,"25,2","19,2","420",3
"CCPSEA3","C","partielle","sans",3,"9,5","7,6","584",2
"CCPSEA3","C","partielle","sans",3,"21,2","15,1","224",4
"CCPSEA3","C","partielle","sans",3,"13,4","11,3","100",4
"CCPSEA3","C","partielle","sans",3,"10,2","6,2","121",4
"CCPSEA3","C","partielle","sans",3,"15,3","13,5","141",4
"CCPSEA3","C","partielle","sans",3,"12","5,3","535",4
"CCPSEA3","C","partielle","sans",3,"37,8","23","500",3
"CCPSEA3","C","partielle","sans",3,"11,1","7,4","565",1
"CCPSEA3","C","partielle","sans",3,"9,9","7","163",1
"CCPSEA3","C","partielle","sans",3,"11","9,6","100",4
"CCPSEA3","C","partielle","sans",3,"10,8","9,7","250",3
"CCPSEA3","C","partielle","sans",3,"16,2","11,2","128",2
"CCPSEA3","C","partielle","sans",3,"9,1","9","200",3
"CCPSEA3","C","partielle","sans",3,"9,5","8,7","116",3
"CCPSEA3","C","partielle","sans",3,"12,3","10,7","150",3
"CCPSEA3","C","partielle","sans",3,"8,4","6,7","142",3
"CCPSEA3","C","partielle","sans",3,"10,3","9,6","200",3
"CCPSEA3","C","partielle","sans",3,"11,4","7,3","234",3
"CCPSEA1","C","partielle","sans",1,"11","4,2","380",4
"CCPSEA1","C","partielle","sans",1,"17,4","13,7","286",4
"CCPSEA1","C","partielle","sans",1,"21,9","19,9","505",4
"CCPSEA1","C","partielle","sans",1,"18,2","7","482",4
"CCPSEA1","C","partielle","sans",1,"20,1","5,3","1105",2
"CCPSEA1","C","partielle","sans",1,"12,6","7,8","642",3
"CCPSEA1","C","partielle","sans",1,"15,4","9,2","485",4
"CCPSEA1","C","partielle","sans",1,"10,2","7,6","166",4
"CCPSEA1","C","partielle","sans",1,"13,3","11","387",2
"CCPSEA1","C","partielle","sans",1,"10,9","1,3","590",2
"CCPSEA1","C","partielle","sans",1,"7,6","5,6","515",4
"CCPSEA2","C","partielle","sans",2,"9,7","3,2","388",3
"CCPSEA2","C","partielle","sans",2,"13,2","6,9","850",3
"CCPSEA2","C","partielle","sans",2,"27,6","4","958",2
"CCPSEA2","C","partielle","sans",2,"14,2","10,5","520",2
"CCPSEA2","C","partielle","sans",2,"9,1","3,1","384",3
"CCPSEA2","C","partielle","sans",2,"9,5","5,3","370",3
"CCPSEA2","C","partielle","sans",2,"10,2","9,3","106",3
"CCPSEA2","C","partielle","sans",2,"9,4","7,1","155",2
"CCPSEA2","C","partielle","sans",2,"26,7","8,7","682",2
"CCPSEA2","C","partielle","sans",2,"10,2","8","132",4
"CCPSEA2","C","partielle","sans",2,"24,2","14,2","551",3
"CCPAEA2","C","partielle","avec",2,"13,3","12,1","164",4
"CCPAEA2","C","partielle","avec",2,"11,7","4,7","590",3
"CCPAEA2","C","partielle","avec",2,"15,7","6,1","880",4
"CCPAEA2","C","partielle","avec",2,"9,2","5,9","670",3
"CCPAEA2","C","partielle","avec",2,"16,4","14","140",3
"CCPAEA2","C","partielle","avec",2,"11,5","11","167",3
"CCPAEA2","C","partielle","avec",2,"9,3","8","107",4
"CCPAEA2","C","partielle","avec",2,"14,5","13","128",3
"CCPAEA2","C","partielle","avec",2,"11,8","10,6","110",3
"CCPAEA2","C","partielle","avec",2,"13,7","13,5","120",3
"CCPAEA2","C","partielle","avec",2,"10,2","9,6","119",2
"CCPAEA2","C","partielle","avec",2,"11,5","10,8","120",4
"CCPAEA2","C","partielle","avec",2,"12","10,5","150",4
"CCPAEA2","C","partielle","avec",2,"9,1","8,3","287",3
"CCPAEA2","C","partielle","avec",2,"10,5","10,3","130",3
"CCPAEA2","C","partielle","avec",2,"10,4","8,3","267",3
"CCPAEA2","C","partielle","avec",2,"14,4","5,6","790",3
"CCPAEA2","C","partielle","avec",2,"26,6","12,4","415",4
"CCPAEA3","C","partielle","avec",3,"13,7","2,7","1120",2
"CCPAEA3","C","partielle","avec",3,"12,9","5,8","793",2
"CCPAEA3","C","partielle","avec",3,"12,4","4,4","343",2
"CCPAEA3","C","partielle","avec",3,"12,8","12,3","124",3
"CCPAEA3","C","partielle","avec",3,"14,7","14","103",2
"CCPAEA3","C","partielle","avec",3,"13","12,2","103",2
"CCPAEA3","C","partielle","avec",3,"16,6","19","194",3
"CCPAEA3","C","partielle","avec",3,"15,3","11,7","590",4
"CCPAEA3","C","partielle","avec",3,"22,4","11,6","672",3
"CCPAEA3","C","partielle","avec",3,"9,2","4,6","520",2
"CCPAEA3","C","partielle","avec",3,"10,7","8,5","287",4
"CCPAEA1","C","partielle","avec",1,"14,8","10,4","117",4
"CCPAEA1","C","partielle","avec",1,"19","15,5","114",4
"CCPAEA1","C","partielle","avec",1,"21,3","20,2","224",4
"CCPAEA1","C","partielle","avec",1,"15","11,3","290",4
"CCPAEA1","C","partielle","avec",1,"25,8","3,2","820",4
"CCPAEA1","C","partielle","avec",1,"21,8","15","823",3
"CCPAEA1","C","partielle","avec",1,"9,4","6,3","213",4
"CCPAEA1","C","partielle","avec",1,"12,4","12,2","382",3
"CCPAEA1","C","partielle","avec",1,"14,2","13,6","102",3
"CCPAEA1","C","partielle","avec",1,"17,2","15,2","129",4
"CCPAEA1","C","partielle","avec",1,"11,2","7,1","132",4
"CCPAEA1","C","partielle","avec",1,"13,9","12","125",4
"CCPAEA1","C","partielle","avec",1,"16,2","13,9","400",4
"CCPAEA1","C","partielle","avec",1,"29","15,2","149",3
"CCPAEA1","C","partielle","avec",1,"19,5","14,8","113",4
"CCPAEA1","C","partielle","avec",1,"16,2","15,1","113",3
"CCPAEA1","C","partielle","avec",1,"9,7","3,8","214",3
"CCPAEA1","C","partielle","avec",1,"8,9","7,9","160",4
"CT1","C","temoin","temoin",1,"10,1","5,8","403",4
"CT1","C","temoin","temoin",1,"10,5","10","220",4
"CT1","C","temoin","temoin",1,"12,1","1,2","745",4
"CT1","C","temoin","temoin",1,"50","40,1","400",4
"CT1","C","temoin","temoin",1,"9,1","2,6","604",3
"CT1","C","temoin","temoin",1,"16,2","8,3","190",4
"CT1","C","temoin","temoin",1,"14,3","9,6","260",3
"CT1","C","temoin","temoin",1,"10,4","5,4","407",3
"CT1","C","temoin","temoin",1,"32,2","21,4","442",3
"CT2","C","temoin","temoin",2,"14,9","5,2","1085",2
"CT2","C","temoin","temoin",2,"9,6","8,7","150",4
"CT2","C","temoin","temoin",2,"10,9","6,3","250",2
"CT2","C","temoin","temoin",2,"15,2","1,7","693",3
"CT2","C","temoin","temoin",2,"24,4","23","147",4
"CT2","C","temoin","temoin",2,"16,7","13,4","143",3
"CT2","C","temoin","temoin",2,"13,2","9","128",2
"CT2","C","temoin","temoin",2,"12,5","11,1","220",4
"CT2","C","temoin","temoin",2,"21,3","20","290",4
"DT2","D","temoin","temoin",2,"20,8","14,9","708",4
"DT2","D","temoin","temoin",2,"25,2","14,4","1516",3
"DT2","D","temoin","temoin",2,"9,2","4,2","544",2
"DT2","D","temoin","temoin",2,"12,2","24,2","965",3
"DT2","D","temoin","temoin",2,"28,8","18,9","1000",2
"DT2","D","temoin","temoin",2,"20","18,6","730",4
"DT2","D","temoin","temoin",2,"15,8","5,2","1415",4
"DT2","D","temoin","temoin",2,"10,2","8,8","464",4
"DT2","D","temoin","temoin",2,"19,1","14,4","102",4
"DT2","D","temoin","temoin",2,"15,4","8,4","195",4
"DT2","D","temoin","temoin",2,"15","11,7","102",4
"DT2","D","temoin","temoin",2,"13,4","8,4","650",2
"DT2","D","temoin","temoin",2,"10,9","7,6","608",1
"DT2","D","temoin","temoin",2,"22,6","15,7","750",4
"DT2","D","temoin","temoin",2,"16,8","8,4","817",4
"DT2","D","temoin","temoin",2,"24,1","13.9","416",3
"DT2","D","temoin","temoin",2,"35,9","23,2","244",3
"DT2","D","temoin","temoin",2,"30,2","28,5","670",3
"DT2","D","temoin","temoin",2,"11,2","3,2","670",2
"DT2","D","temoin","temoin",2,"12,6","8,5","330",4
"DT2","D","temoin","temoin",2,"31,2","31,1","140",3
"DT2","D","temoin","temoin",2,"25,9","23,6","308",3
"DT2","D","temoin","temoin",2,"9,8","3,4","460",4
"DT2","D","temoin","temoin",2,"11,4","2,2","510",3
"DT2","D","temoin","temoin",2,"20,3","7,3","480",2
"DT2","D","temoin","temoin",2,"24,8","8,7","600",2
"DT2","D","temoin","temoin",2,"17,9","14,3","680",3
"DT2","D","temoin","temoin",2,"11,3","4,1","600",2
"DT2","D","temoin","temoin",2,"15,8","11,6","382",2
"DT2","D","temoin","temoin",2,"26,6","17,7","760",2
"DT2","D","temoin","temoin",2,"10,1","6,2","154",2
"DT2","D","temoin","temoin",2,"32,4","24,3","150",3
"DT2","D","temoin","temoin",2,"30,2","24,1","723",3
"DT2","D","temoin","temoin",2,"28,7","15","940",4
"DT2","D","temoin","temoin",2,"15,2","9,6","523",3
"DT2","D","temoin","temoin",2,"14,5","8,1","660",3
"DT2","D","temoin","temoin",2,"20,3","15","650",3
"DT2","D","temoin","temoin",2,"16","6,7","650",3
"DT2","D","temoin","temoin",2,"14,1","12,5","475",4
"DT2","D","temoin","temoin",2,"30,5","24,6","265",4
"DT2","D","temoin","temoin",2,"12,5","11,5","128",2
"DT1","D","temoin","temoin",1,"9,3","6,6","116",3
"DT1","D","temoin","temoin",1,"14,3","6,8","734",3
"DT1","D","temoin","temoin",1,"15","5,9","770",1
"DT1","D","temoin","temoin",1,"23,1","21,5","142",4
"DCPSEA1","D","partielle","sans",1,"23","12,6","915",4
"DCPSEA1","D","partielle","sans",1,"19","18,5","175",4
"DCPSEA1","D","partielle","sans",1,"19,7","13,3","285",4
"DCPSEA1","D","partielle","sans",1,"18,8","12,8","857",3
"DCPSEA1","D","partielle","sans",1,"11,2","7,7","270",3
"DCPSEA1","D","partielle","sans",1,"11,5","7","335",3
"DCPSEA1","D","partielle","sans",1,"27,4","23,1","260",4
"DCPSEA1","D","partielle","sans",1,"11,7","8,5","240",3
"DCPSEA1","D","partielle","sans",1,"9,1","4,4","130",3
"DCPSEA1","D","partielle","sans",1,"13,9","12,9","147",3
"DCPSEA1","D","partielle","sans",1,"23,4","15,7","176",4
"DCPSEA1","D","partielle","sans",1,"13,9","8,1","660",3
"DCPSEA1","D","partielle","sans",1,"16","7","157",2
"DCPSEA1","D","partielle","sans",1,"13,1","8,3","140",3
"DCPSEA1","D","partielle","sans",1,"15,5","15","260",4
"DCPSEA1","D","partielle","sans",1,"20,3","15,4","610",4
"DCPSEA1","D","partielle","sans",1,"15,8","13,9","103",2
"DCPSEA1","D","partielle","sans",1,"13","12,8","186",3
"DCPSEA1","D","partielle","sans",1,"16,6","15","210",3
"DCPSEA1","D","partielle","sans",1,"18,7","16,2","213",4
"DCPSEA1","D","partielle","sans",1,"22,2","11,8","460",3
"DCPSEA1","D","partielle","sans",1,"13,7","11,1","113",2
"DCPSEA1","D","partielle","sans",1,"12,8","11,6","164",3
"DCPSEA1","D","partielle","sans",1,"12,2","7,4","242",4
"DCPSEA1","D","partielle","sans",1,"19,2","11,3","414",2
"DCPSEA1","D","partielle","sans",1,"11,5","5","503",2
"DCPSEA1","D","partielle","sans",1,"11,4","9,2","378",4
"DCPSEA1","D","partielle","sans",1,"9,1","8","130",4
"DCPSEA1","D","partielle","sans",1,"16,3","12,9","475",4
"DCPSEA1","D","partielle","sans",1,"17,6","12,1","410",4
"DCPSEA1","D","partielle","sans",1,"10,4","9,4","144",3
"DCPSEA1","D","partielle","sans",1,"11,4","8,9","583",3
"DCPSEA1","D","partielle","sans",1,"10","11,2","428",3
"DCPSEA1","D","partielle","sans",1,"22","19","115",4
"DCPSEA3","D","partielle","sans",3,"13,6","11,6","136",3
"DCPSEA3","D","partielle","sans",3,"12,1","5,2","536",2
"DCPSEA3","D","partielle","sans",3,"19,9","18,4","270",4
"DCPSEA3","D","partielle","sans",3,"11","10,3","145",4
"DCPSEA3","D","partielle","sans",3,"22,4","20,6","227",4
"DCPSEA3","D","partielle","sans",3,"24,5","19,1","350",4
"DCPSEA3","D","partielle","sans",3,"14,1","10,2","128",3
"DCPSEA3","D","partielle","sans",3,"13,4","6,5","450",4
"DCPSEA3","D","partielle","sans",3,"10,2","7,4","293",3
"DCPSEA3","D","partielle","sans",3,"9","4,7","455",4
"DCPSEA3","D","partielle","sans",3,"11,4","9","420",4
"DCPSEA3","D","partielle","sans",3,"15,1","10,8","123",4
"DCPSEA3","D","partielle","sans",3,"9","3,9","270",2
"DCPSEA3","D","partielle","sans",3,"19,9","15,1","490",4
"DCPSEA3","D","partielle","sans",3,"9,4","6,5","220",3
"DCPSEA3","D","partielle","sans",3,"17,9","15,8","253",4
"DCPSEA3","D","partielle","sans",3,"17,4","10,7","935",4
"DCPSEA3","D","partielle","sans",3,"18,2","13,8","392",3
"DCPSEA3","D","partielle","sans",3,"20,2","20,9","164",4
"DCPSEA3","D","partielle","sans",3,"10,6","9,1","209",3
"DCPSEA3","D","partielle","sans",3,"20,2","20,1","197",4
"DCPSEA3","D","partielle","sans",3,"15,4","14,3","105",3
"DCPSEA3","D","partielle","sans",3,"14,2","13,3","330",4
"DCPSEA3","D","partielle","sans",3,"10,2","8,1","110",3
"DCPSEA3","D","partielle","sans",3,"13,6","13","215",4
"DCPSEA3","D","partielle","sans",3,"9,5","8,3","205",3
"DCPSEA3","D","partielle","sans",3,"11,3","9","210",4
"DCPSEA3","D","partielle","sans",3,"10","6,4","371",2
"DCPSEA3","D","partielle","sans",3,"10,5","9,7","118",2
"DCPSEA2","D","partielle","sans",2,"22,8","19,3","143",4
"DCPSEA2","D","partielle","sans",2,"12,6","9,9","208",4
"DCPSEA2","D","partielle","sans",2,"21,6","8,5","660",3
"DCPSEA2","D","partielle","sans",2,"21,9","16,9","490",4
"DCPSEA2","D","partielle","sans",2,"14,4","10,8","530",2
"DCPSEA2","D","partielle","sans",2,"12","9,5","645",4
"DCPSEA2","D","partielle","sans",2,"11,7","11,1","154",4
"DCPSEA2","D","partielle","sans",2,"13,5","12,1","284",3
"DCPSEA2","D","partielle","sans",2,"17,3","16,7","415",4
"DCPSEA2","D","partielle","sans",2,"12,6","8,9","493",3
"DCPSEA2","D","partielle","sans",2,"18,9","15,3","150",4
"DCPSEA2","D","partielle","sans",2,"9,1","7,6","112",2
"DCPSEA2","D","partielle","sans",2,"12,6","10,7","142",4
"DCPSEA2","D","partielle","sans",2,"22,5","13,7","567",4
"DCPSEA2","D","partielle","sans",2,"9,1","8,6","149",4
"DCPSEA2","D","partielle","sans",2,"13,2","11,1","150",4
"DCPSEA2","D","partielle","sans",2,"13,2","8,2","188",3
"DCPSEA2","D","partielle","sans",2,"14,3","3,6","193",3
"DCPSEA2","D","partielle","sans",2,"20,5","20,4","265",3
"DCPSEA2","D","partielle","sans",2,"30,7","26,7","216",3
"DCPSEA2","D","partielle","sans",2,"10","7,2","265",4
"DCPSEA2","D","partielle","sans",2,"25,1","15,9","184",3
"DCPSEA2","D","partielle","sans",2,"11,6","11,2","140",4
"DCPSEA2","D","partielle","sans",2,"11,2","8,2","228",4
"DCPSEA2","D","partielle","sans",2,"10","7,1","305",4
"DCPSEA2","D","partielle","sans",2,"15,7","10,1","273",3
"DCPSEA2","D","partielle","sans",2,"9,9","8,5","105",4
"DCPSEA2","D","partielle","sans",2,"16,2","16","137",4
"DCPSEA2","D","partielle","sans",2,"19,7","16,8","143",2
"DCPSEA2","D","partielle","sans",2,"18,8","16,4","100",3
"DCPSEA2","D","partielle","sans",2,"34,6","24,2","206",3
"DCPSEA2","D","partielle","sans",2,"10,3","6","247",3
"DCPSEA2","D","partielle","sans",2,"21,9","19,5","390",4
"DCPSEA2","D","partielle","sans",2,"15,1","14,7","123",4
"DCPSEA2","D","partielle","sans",2,"9","7,1","136",4
"DCPSEA2","D","partielle","sans",2,"9,2","7","197",3
"DCPSEA2","D","partielle","sans",2,"16,3","11,3","118",4
"DCPSEA2","D","partielle","sans",2,"15,2","14,1","123",4
"DCPSEA2","D","partielle","sans",2,"10,2","8,6","147",4
"DCPSEA2","D","partielle","sans",2,"14","13,6","100",4
"DCPSEA2","D","partielle","sans",2,"10,4","8,5","129",2
"DCPSEA2","D","partielle","sans",2,"11,4","5","269",2
"DCPAEA2","D","partielle","avec",2,"11","9,2","116",2
"DCPAEA2","D","partielle","avec",2,"21,1","18,6","445",3
"DCPAEA2","D","partielle","avec",2,"35","16,4","1080",4
"DCPAEA2","D","partielle","avec",2,"17,5","16,3","392",3
"DCPAEA2","D","partielle","avec",2,"22,6","15","210",4
"DCPAEA2","D","partielle","avec",2,"17,4","16,12","196",4
"DCPAEA2","D","partielle","avec",2,"9,8","6,4","180",3
"DCPAEA2","D","partielle","avec",2,"14,2","13,4","117",4
"DCPAEA2","D","partielle","avec",2,"11,9","10,4","114",4
"DCPAEA2","D","partielle","avec",2,"13,7","12,5","205",4
"DCPAEA2","D","partielle","avec",2,"16,3","14","218",4
"DCPAEA2","D","partielle","avec",2,"14,4","11,2","109",4
"DCPAEA2","D","partielle","avec",2,"19,2","16,9","123",3
"DCPAEA2","D","partielle","avec",2,"11,9","3,4","612",3
"DCPAEA2","D","partielle","avec",2,"17,5","11,4","439",2
"DCPAEA2","D","partielle","avec",2,"15","11,9","340",4
"DCPAEA2","D","partielle","avec",2,"20,2","19,9","518",4
"DCPAEA2","D","partielle","avec",2,"9,2","7","265",2
"DCPAEA2","D","partielle","avec",2,"20,8","15,7","470",2
"DCPAEA2","D","partielle","avec",2,"14,6","16,1","470",4
"DCPAEA2","D","partielle","avec",2,"14,6","10,9","158",4
"DCPAEA2","D","partielle","avec",2,"9,2","9,1","260",2
"DCPAEA2","D","partielle","avec",2,"9,4","6,7","260",2
"DCPAEA2","D","partielle","avec",2,"19,8","13,9","410",2
"DCPAEA2","D","partielle","avec",2,"18,9","14,4","140",4
"DCPAEA2","D","partielle","avec",2,"14,1","12,1","265",2
"DCPAEA2","D","partielle","avec",2,"23,1","14,4","407",3
"DCPAEA2","D","partielle","avec",2,"14,8","12,5","320",4
"DCPAEA2","D","partielle","avec",2,"11,3","8,3","140",4
"DCPAEA2","D","partielle","avec",2,"19,1","11,7","404",3
"DCPAEA2","D","partielle","avec",2,"22,8","20,8","214",4
"DCPAEA2","D","partielle","avec",2,"26,2","21,6","246",4
"DCPAEA2","D","partielle","avec",2,"22,8","21,8","113",2
"DCPAEA2","D","partielle","avec",2,"22,7","20,8","137",3
"DCPAEA2","D","partielle","avec",2,"18,9","16,1","125",3
"DCPAEA2","D","partielle","avec",2,"25,5","25","407",3
"DCPAEA2","D","partielle","avec",2,"10,7","10,4","118",2
"DCPAEA2","D","partielle","avec",2,"12,6","10,8","165",2
"DCPAEA2","D","partielle","avec",2,"17,1","12,7","165",3
"DCPAEA2","D","partielle","avec",2,"12","9,1","238",3
"DCPAEA2","D","partielle","avec",2,"22,8","16,1","280",3
"DCPAEA2","D","partielle","avec",2,"19","15,4","415",3
"DCPAEA2","D","partielle","avec",2,"14,5","9,6","300",4
"DCPAEA2","D","partielle","avec",2,"15,2","13,3","216",4
"DCPAEA2","D","partielle","avec",2,"21,7","20,6","250",2
"DCPAEA2","D","partielle","avec",2,"12,8","11,9","120",2
"DCPAEA2","D","partielle","avec",2,"15,5","12,3","500",3
"DCPAEA2","D","partielle","avec",2,"18,4","7,9","500",2
"DCPAEA2","D","partielle","avec",2,"18,4","17,3","153",2
"DT3","D","temoin","temoin",3,"27,3","22,5","250",2
"DT3","D","temoin","temoin",3,"16,3","13,5","144",3
"DT3","D","temoin","temoin",3,"14,7","11,8","271",3
"DT3","D","temoin","temoin",3,"14,9","7,4","450",2
"DT3","D","temoin","temoin",3,"10,3","10,1","210",2
"DT3","D","temoin","temoin",3,"18,2","13,2","166",3
"DT3","D","temoin","temoin",3,"12,2","6,2","593",3
"DT3","D","temoin","temoin",3,"31,1","17,3","185",4
"DCPAEA1","D","partielle","avec",1,"9,4","9,2","153",4
"DCPAEA1","D","partielle","avec",1,"11,5","7,7","288",4
"DCPAEA1","D","partielle","avec",1,"21,7","13,6","260",4
"DCPAEA1","D","partielle","avec",1,"11,1","7,4","392",4
"DCPAEA1","D","partielle","avec",1,"45,2","36,9","748",2
"DCPAEA1","D","partielle","avec",1,"11,6","6,3","536",3
"DCPAEA1","D","partielle","avec",1,"10,3","9","153",3
"DCPAEA1","D","partielle","avec",1,"20,8","14,6","112",2
"DCPAEA1","D","partielle","avec",1,"11,6","11,3","106",1
"DCPAEA1","D","partielle","avec",1,"13,5","13","146",4
"DCPAEA1","D","partielle","avec",1,"19,2","14,2","230",3
"DCPAEA1","D","partielle","avec",1,"11,4","10,6","210",3
"DCPAEA1","D","partielle","avec",1,"16,5","13,9","155",2
"DCPAEA1","D","partielle","avec",1,"10,6","4,2","110",3
"DCPAEA1","D","partielle","avec",1,"16,5","10,3","100",2
"DCPAEA1","D","partielle","avec",1,"13,5","11,7","118",4
"DCPAEA1","D","partielle","avec",1,"33,6","21,8","105",3
"DCPAEA1","D","partielle","avec",1,"23,1","15","278",4
"DCPAEA1","D","partielle","avec",1,"43,5","39,8","150",4
"DCPAEA1","D","partielle","avec",1,"32,3","27,9","122",3
"DCPAEA1","D","partielle","avec",1,"12,2","8,4","494",2
"DCPAEA1","D","partielle","avec",1,"23,2","17,1","377",4
"DCPAEA1","D","partielle","avec",1,"19,4","3,6","680",3
"DCPAEA1","D","partielle","avec",1,"18,3","12,2","616",4
"DCPAEA1","D","partielle","avec",1,"9,1","7,4","113",4
"DCPAEA1","D","partielle","avec",1,"17,8","10,4","326",4
"DCPAEA1","D","partielle","avec",1,"20","7,9","365",4
"DCPAEA1","D","partielle","avec",1,"14,6","12,9","195",4
"DCPAEA1","D","partielle","avec",1,"15,8","13,2","108",4
"DCPAEA3","D","partielle","avec",3,"25,5","20,7","253",3
"DCPAEA3","D","partielle","avec",3,"31,5","18,2","548",4
"DCPAEA3","D","partielle","avec",3,"27,5","15,3","548",3
"DCPAEA3","D","partielle","avec",3,"15,3","8,7","338",4
"DCPAEA3","D","partielle","avec",3,"11,4","5,1","269",3
"DCPAEA3","D","partielle","avec",3,"9,6","8,2","472",2
"DCPAEA3","D","partielle","avec",3,"16,3","10,4","182",2
"DCPAEA3","D","partielle","avec",3,"11,9","7,5","124",4
"DCPAEA3","D","partielle","avec",3,"9,3","6,3","350",3
"DCPAEA3","D","partielle","avec",3,"13,6","5","433",3
"DCPAEA3","D","partielle","avec",3,"14,9","6,5","485",2
"DCPAEA3","D","partielle","avec",3,"9,2","5,9","440",3
"DCPAEA3","D","partielle","avec",3,"16,2","11,4","414",3
"DCPAEA3","D","partielle","avec",3,"10,2","5,4","493",4
"DCPAEA3","D","partielle","avec",3,"14","13,2","125",4
"","","","",NA,"","","",NA
"","","","",NA,"","","",NA
"","","","",NA,"","","",NA
"","","","",NA,"","","",NA
"","","","",NA,"","","",NA
"","","","",NA,"","","",NA
"","","","",NA,"","","",NA
"","","","",NA,"","","",NA
"","","","",NA,"","","",NA
"","","","",NA,"","","",NA
"","","","",NA,"","","",NA
"","","","",NA,"","","",NA
"","","","",NA,"","","",NA
"","","","",NA,"","","",NA
"","","","",NA,"","","",NA
"","","","",NA,"","","",NA
"","","","",NA,"","","",NA
"","","","",NA,"","","",NA
"","","","",NA,"","","",NA
"","","","",NA,"","","",NA
"","","","",NA,"","","",NA
"","","","",NA,"","","",NA
"","","","",NA,"","","",NA
"","","","",NA,"","","",NA
"","","","",NA,"","","",NA
"","","","",NA,"","","",NA
"","","","",NA,"","","",NA
"","","","",NA,"","","",NA
"","","","",NA,"","","",NA
"","","","",NA,"","","",NA
"","","","",NA,"","","",NA
"","","","",NA,"","","",NA
"","","","",NA,"","","",NA
"","","","",NA,"","","",NA
"","","","",NA,"","","",NA
"","","","",NA,"","","",NA
"","","","",NA,"","","",NA
"","","","",NA,"","","",NA
"","","","",NA,"","","",NA
"","","","",NA,"","","",NA
"","","","",NA,"","","",NA
"","","","",NA,"","","",NA
"","","","",NA,"","","",NA
"","","","",NA,"","","",NA
"","","","",NA,"","","",NA
"","","","",NA,"","","",NA
"","","","",NA,"","","",NA
"","","","",NA,"","","",NA
"","","","",NA,"","","",NA
"","","","",NA,"","","",NA
"","","","",NA,"","","",NA
"","","","",NA,"","","",NA
"","","","",NA,"","","",NA
"","","","",NA,"","","",NA
"","","","",NA,"","","",NA
"","","","",NA,"","","",NA
"","","","",NA,"","","",NA
"","","","",NA,"","","",NA
"","","","",NA,"","","",NA
"","","","",NA,"","","",NA
"","","","",NA,"","","",NA
"","","","",NA,"","","",NA
"","","","",NA,"","","",NA
"","","","",NA,"","","",NA
"","","","",NA,"","","",NA
"","","","",NA,"","","",NA
"","","","",NA,"","","",NA
"","","","",NA,"","","",NA
"","","","",NA,"","","",NA
"","","","",NA,"","","",NA
"","","","",NA,"","","",NA
"","","","",NA,"","","",NA
"","","","",NA,"","","",NA
"","","","",NA,"","","",NA
"","","","",NA,"","","",NA
"","","","",NA,"","","",NA
"","","","",NA,"","","",NA
"","","","",NA,"","","",NA
"","","","",NA,"","","",NA
"","","","",NA,"","","",NA
"","","","",NA,"","","",NA
"","","","",NA,"","","",NA
"","","","",NA,"","","",NA
"","","","",NA,"","","",NA
"","","","",NA,"","","",NA
"","","","",NA,"","","",NA
"","","","",NA,"","","",NA
"","","","",NA,"","","",NA
"","","","",NA,"","","",NA
"","","","",NA,"","","",NA
"","","","",NA,"","","",NA
"","","","",NA,"","","",NA
"","","","",NA,"","","",NA
"","","","",NA,"","","",NA
"","","","",NA,"","","",NA
"","","","",NA,"","","",NA
"","","","",NA,"","","",NA
"","","","",NA,"","","",NA
"","","","",NA,"","","",NA
"","","","",NA,"","","",NA
"","","","",NA,"","","",NA
"","","","",NA,"","","",NA
"","","","",NA,"","","",NA
"","","","",NA,"","","",NA
"","","","",NA,"","","",NA
"","","","",NA,"","","",NA
"","","","",NA,"","","",NA
"","","","",NA,"","","",NA
"","","","",NA,"","","",NA
"","","","",NA,"","","",NA
"","","","",NA,"","","",NA
"","","","",NA,"","","",NA
"","","","",NA,"","","",NA
"","","","",NA,"","","",NA
"","","","",NA,"","","",NA
"","","","",NA,"","","",NA
"","","","",NA,"","","",NA
"","","","",NA,"","","",NA
"","","","",NA,"","","",NA
"","","","",NA,"","","",NA
"","","","",NA,"","","",NA
"","","","",NA,"","","",NA
"","","","",NA,"","","",NA
"","","","",NA,"","","",NA
"","","","",NA,"","","",NA
"","","","",NA,"","","",NA
"","","","",NA,"","","",NA
"","","","",NA,"","","",NA
"","","","",NA,"","","",NA
"","","","",NA,"","","",NA
"","","","",NA,"","","",NA
"","","","",NA,"","","",NA
"","","","",NA,"","","",NA
"","","","",NA,"","","",NA
"","","","",NA,"","","",NA
"","","","",NA,"","","",NA
"","","","",NA,"","","",NA
"","","","",NA,"","","",NA
"","","","",NA,"","","",NA
"","","","",NA,"","","",NA
"","","","",NA,"","","",NA
"","","","",NA,"","","",NA
"","","","",NA,"","","",NA
"","","","",NA,"","","",NA
"","","","",NA,"","","",NA
"","","","",NA,"","","",NA
"","","","",NA,"","","",NA
"","","","",NA,"","","",NA
"","","","",NA,"","","",NA
"","","","",NA,"","","",NA
"","","","",NA,"","","",NA
"","","","",NA,"","","",NA
"","","","",NA,"","","",NA
"","","","",NA,"","","",NA
"","","","",NA,"","","",NA
"","","","",NA,"","","",NA
"","","","",NA,"","","",NA
"","","","",NA,"","","",NA
"","","","",NA,"","","",NA
"","","","",NA,"","","",NA
"","","","",NA,"","","",NA
"","","","",NA,"","","",NA
"","","","",NA,"","","",NA
"","","","",NA,"","","",NA
"","","","",NA,"","","",NA
"","","","",NA,"","","",NA
"","","","",NA,"","","",NA
"","","","",NA,"","","",NA
"","","","",NA,"","","",NA
"","","","",NA,"","","",NA
"","","","",NA,"","","",NA
"","","","",NA,"","","",NA
"","","","",NA,"","","",NA
"","","","",NA,"","","",NA
"","","","",NA,"","","",NA
"","","","",NA,"","","",NA
"","","","",NA,"","","",NA
"","","","",NA,"","","",NA
"","","","",NA,"","","",NA
"","","","",NA,"","","",NA
"","","","",NA,"","","",NA
"","","","",NA,"","","",NA
"","","","",NA,"","","",NA
"","","","",NA,"","","",NA
"","","","",NA,"","","",NA
"","","","",NA,"","","",NA
"","","","",NA,"","","",NA
"","","","",NA,"","","",NA
"","","","",NA,"","","",NA
"","","","",NA,"","","",NA
"","","","",NA,"","","",NA
"","","","",NA,"","","",NA
"","","","",NA,"","","",NA
"","","","",NA,"","","",NA
"","","","",NA,"","","",NA
"","","","",NA,"","","",NA
"","","","",NA,"","","",NA
"","","","",NA,"","","",NA
"","","","",NA,"","","",NA
"","","","",NA,"","","",NA
"","","","",NA,"","","",NA
"","","","",NA,"","","",NA
"","","","",NA,"","","",NA
"","","","",NA,"","","",NA
"","","","",NA,"","","",NA
"","","","",NA,"","","",NA
"","","","",NA,"","","",NA
"","","","",NA,"","","",NA
"","","","",NA,"","","",NA
"","","","",NA,"","","",NA
"","","","",NA,"","","",NA
"","","","",NA,"","","",NA
"","","","",NA,"","","",NA
"","","","",NA,"","","",NA
"","","","",NA,"","","",NA
"","","","",NA,"","","",NA
"","","","",NA,"","","",NA
"","","","",NA,"","","",NA
"","","","",NA,"","","",NA
"","","","",NA,"","","",NA
"","","","",NA,"","","",NA
"","","","",NA,"","","",NA
"","","","",NA,"","","",NA
"","","","",NA,"","","",NA
"","","","",NA,"","","",NA
"","","","",NA,"","","",NA
"","","","",NA,"","","",NA
"","","","",NA,"","","",NA
"","","","",NA,"","","",NA
"","","","",NA,"","","",NA
"","","","",NA,"","","",NA
"","","","",NA,"","","",NA
"","","","",NA,"","","",NA
"","","","",NA,"","","",NA
"","","","",NA,"","","",NA
"","","","",NA,"","","",NA
"","","","",NA,"","","",NA
"","","","",NA,"","","",NA
"","","","",NA,"","","",NA
"","","","",NA,"","","",NA
"","","","",NA,"","","",NA
"","","","",NA,"","","",NA
"","","","",NA,"","","",NA
"","","","",NA,"","","",NA
"","","","",NA,"","","",NA
"","","","",NA,"","","",NA
"","","","",NA,"","","",NA
"","","","",NA,"","","",NA
"","","","",NA,"","","",NA
"","","","",NA,"","","",NA
"","","","",NA,"","","",NA
"","","","",NA,"","","",NA
"","","","",NA,"","","",NA
"","","","",NA,"","","",NA
"","","","",NA,"","","",NA
"","","","",NA,"","","",NA
"","","","",NA,"","","",NA
"","","","",NA,"","","",NA
"","","","",NA,"","","",NA
"","","","",NA,"","","",NA
"","","","",NA,"","","",NA
"","","","",NA,"","","",NA
"","","","",NA,"","","",NA
"","","","",NA,"","","",NA
"","","","",NA,"","","",NA
"","","","",NA,"","","",NA
"","","","",NA,"","","",NA
"","","","",NA,"","","",NA
"","","","",NA,"","","",NA
"","","","",NA,"","","",NA
"","","","",NA,"","","",NA
"","","","",NA,"","","",NA
"","","","",NA,"","","",NA
"","","","",NA,"","","",NA
"","","","",NA,"","","",NA
"","","","",NA,"","","",NA
"","","","",NA,"","","",NA
"","","","",NA,"","","",NA
"","","","",NA,"","","",NA
"","","","",NA,"","","",NA
"","","","",NA,"","","",NA
"","","","",NA,"","","",NA
"","","","",NA,"","","",NA
"","","","",NA,"","","",NA
"","","","",NA,"","","",NA
"","","","",NA,"","","",NA
"","","","",NA,"","","",NA
"","","","",NA,"","","",NA
"","","","",NA,"","","",NA
"","","","",NA,"","","",NA
"","","","",NA,"","","",NA
"","","","",NA,"","","",NA
"","","","",NA,"","","",NA
"","","","",NA,"","","",NA
"","","","",NA,"","","",NA
"","","","",NA,"","","",NA
"","","","",NA,"","","",NA
"","","","",NA,"","","",NA
"","","","",NA,"","","",NA
"","","","",NA,"","","",NA
"","","","",NA,"","","",NA
"","","","",NA,"","","",NA
"","","","",NA,"","","",NA
"","","","",NA,"","","",NA
"","","","",NA,"","","",NA
"","","","",NA,"","","",NA
"","","","",NA,"","","",NA
"","","","",NA,"","","",NA
"","","","",NA,"","","",NA
"","","","",NA,"","","",NA
"","","","",NA,"","","",NA
"","","","",NA,"","","",NA
"","","","",NA,"","","",NA
"","","","",NA,"","","",NA
"","","","",NA,"","","",NA
"","","","",NA,"","","",NA
"","","","",NA,"","","",NA
"","","","",NA,"","","",NA
"","","","",NA,"","","",NA
"","","","",NA,"","","",NA
"","","","",NA,"","","",NA
"","","","",NA,"","","",NA
"","","","",NA,"","","",NA
"","","","",NA,"","","",NA
"","","","",NA,"","","",NA
"","","","",NA,"","","",NA
"","","","",NA,"","","",NA
"","","","",NA,"","","",NA
"","","","",NA,"","","",NA
"","","","",NA,"","","",NA
"","","","",NA,"","","",NA
"","","","",NA,"","","",NA
"","","","",NA,"","","",NA
"","","","",NA,"","","",NA
"","","","",NA,"","","",NA
"","","","",NA,"","","",NA
"","","","",NA,"","","",NA
"","","","",NA,"","","",NA
"","","","",NA,"","","",NA
"","","","",NA,"","","",NA
"","","","",NA,"","","",NA
"","","","",NA,"","","",NA
"","","","",NA,"","","",NA
"","","","",NA,"","","",NA
"","","","",NA,"","","",NA
"","","","",NA,"","","",NA
"","","","",NA,"","","",NA
"","","","",NA,"","","",NA
"","","","",NA,"","","",NA
"","","","",NA,"","","",NA
"","","","",NA,"","","",NA
"","","","",NA,"","","",NA
"","","","",NA,"","","",NA
"","","","",NA,"","","",NA
"","","","",NA,"","","",NA
"","","","",NA,"","","",NA
"","","","",NA,"","","",NA
"","","","",NA,"","","",NA
"","","","",NA,"","","",NA
"","","","",NA,"","","",NA
"","","","",NA,"","","",NA
"","","","",NA,"","","",NA
"","","","",NA,"","","",NA
"","","","",NA,"","","",NA
"","","","",NA,"","","",NA
"","","","",NA,"","","",NA
"","","","",NA,"","","",NA
"","","","",NA,"","","",NA
"","","","",NA,"","","",NA
"","","","",NA,"","","",NA
"","","","",NA,"","","",NA
"","","","",NA,"","","",NA
"","","","",NA,"","","",NA
"","","","",NA,"","","",NA
"","","","",NA,"","","",NA
"","","","",NA,"","","",NA
"","","","",NA,"","","",NA
"","","","",NA,"","","",NA
"","","","",NA,"","","",NA
"","","","",NA,"","","",NA
"","","","",NA,"","","",NA
"","","","",NA,"","","",NA
"","","","",NA,"","","",NA
"","","","",NA,"","","",NA
"","","","",NA,"","","",NA
"","","","",NA,"","","",NA
"","","","",NA,"","","",NA
"","","","",NA,"","","",NA
"","","","",NA,"","","",NA
"","","","",NA,"","","",NA
"","","","",NA,"","","",NA
"","","","",NA,"","","",NA
"","","","",NA,"","","",NA
"","","","",NA,"","","",NA
"","","","",NA,"","","",NA
"","","","",NA,"","","",NA
"","","","",NA,"","","",NA
"","","","",NA,"","","",NA
"","","","",NA,"","","",NA
"","","","",NA,"","","",NA
"","","","",NA,"","","",NA
"","","","",NA,"","","",NA
"","","","",NA,"","","",NA
"","","","",NA,"","","",NA
"","","","",NA,"","","",NA
"","","","",NA,"","","",NA
"","","","",NA,"","","",NA
"","","","",NA,"","","",NA
"","","","",NA,"","","",NA
"","","","",NA,"","","",NA
"","","","",NA,"","","",NA
"","","","",NA,"","","",NA
"","","","",NA,"","","",NA
"","","","",NA,"","","",NA
"","","","",NA,"","","",NA
"","","","",NA,"","","",NA
"","","","",NA,"","","",NA
"","","","",NA,"","","",NA
"","","","",NA,"","","",NA
"","","","",NA,"","","",NA
"","","","",NA,"","","",NA
"","","","",NA,"","","",NA
"","","","",NA,"","","",NA
"","","","",NA,"","","",NA
"","","","",NA,"","","",NA
"","","","",NA,"","","",NA
"","","","",NA,"","","",NA
"","","","",NA,"","","",NA
"","","","",NA,"","","",NA
"","","","",NA,"","","",NA
"","","","",NA,"","","",NA
"","","","",NA,"","","",NA
"","","","",NA,"","","",NA
"","","","",NA,"","","",NA
"","","","",NA,"","","",NA
"","","","",NA,"","","",NA
"","","","",NA,"","","",NA
"","","","",NA,"","","",NA
"","","","",NA,"","","",NA
"","","","",NA,"","","",NA
"","","","",NA,"","","",NA
"","","","",NA,"","","",NA
"","","","",NA,"","","",NA
"","","","",NA,"","","",NA
"","","","",NA,"","","",NA
"","","","",NA,"","","",NA
"","","","",NA,"","","",NA
"","","","",NA,"","","",NA
"","","","",NA,"","","",NA
"","","","",NA,"","","",NA
"","","","",NA,"","","",NA
"","","","",NA,"","","",NA
"","","","",NA,"","","",NA
"","","","",NA,"","","",NA
"","","","",NA,"","","",NA
"","","","",NA,"","","",NA
"","","","",NA,"","","",NA
"","","","",NA,"","","",NA
"","","","",NA,"","","",NA
"","","","",NA,"","","",NA
"","","","",NA,"","","",NA
"","","","",NA,"","","",NA
"","","","",NA,"","","",NA
"","","","",NA,"","","",NA
"","","","",NA,"","","",NA
"","","","",NA,"","","",NA
"","","","",NA,"","","",NA
"","","","",NA,"","","",NA
"","","","",NA,"","","",NA
"","","","",NA,"","","",NA
"","","","",NA,"","","",NA
"","","","",NA,"","","",NA
"","","","",NA,"","","",NA
"","","","",NA,"","","",NA
"","","","",NA,"","","",NA
"","","","",NA,"","","",NA
"","","","",NA,"","","",NA
"","","","",NA,"","","",NA
"","","","",NA,"","","",NA
"","","","",NA,"","","",NA
"","","","",NA,"","","",NA
"","","","",NA,"","","",NA
"","","","",NA,"","","",NA
"","","","",NA,"","","",NA
"","","","",NA,"","","",NA
"","","","",NA,"","","",NA
"","","","",NA,"","","",NA
"","","","",NA,"","","",NA
"","","","",NA,"","","",NA
"","","","",NA,"","","",NA
"","","","",NA,"","","",NA
"","","","",NA,"","","",NA
"","","","",NA,"","","",NA
"","","","",NA,"","","",NA
"","","","",NA,"","","",NA
"","","","",NA,"","","",NA
"","","","",NA,"","","",NA
"","","","",NA,"","","",NA
"","","","",NA,"","","",NA
"","","","",NA,"","","",NA
"","","","",NA,"","","",NA
"","","","",NA,"","","",NA
"","","","",NA,"","","",NA
"","","","",NA,"","","",NA
"","","","",NA,"","","",NA
"","","","",NA,"","","",NA
"","","","",NA,"","","",NA
"","","","",NA,"","","",NA
"","","","",NA,"","","",NA
"","","","",NA,"","","",NA
"","","","",NA,"","","",NA
"","","","",NA,"","","",NA
"","","","",NA,"","","",NA
"","","","",NA,"","","",NA
"","","","",NA,"","","",NA
"","","","",NA,"","","",NA
"","","","",NA,"","","",NA
"","","","",NA,"","","",NA
"","","","",NA,"","","",NA
"","","","",NA,"","","",NA
"","","","",NA,"","","",NA
"","","","",NA,"","","",NA
"","","","",NA,"","","",NA
"","","","",NA,"","","",NA
"","","","",NA,"","","",NA
"","","","",NA,"","","",NA
"","","","",NA,"","","",NA
"","","","",NA,"","","",NA
"","","","",NA,"","","",NA
"","","","",NA,"","","",NA
"","","","",NA,"","","",NA
"","","","",NA,"","","",NA
"","","","",NA,"","","",NA
"","","","",NA,"","","",NA
"","","","",NA,"","","",NA
"","","","",NA,"","","",NA
"","","","",NA,"","","",NA
"","","","",NA,"","","",NA
"","","","",NA,"","","",NA
"","","","",NA,"","","",NA
"","","","",NA,"","","",NA
"","","","",NA,"","","",NA
"","","","",NA,"","","",NA
"","","","",NA,"","","",NA
"","","","",NA,"","","",NA
"","","","",NA,"","","",NA
"","","","",NA,"","","",NA
"","","","",NA,"","","",NA
"","","","",NA,"","","",NA
"","","","",NA,"","","",NA
"","","","",NA,"","","",NA
"","","","",NA,"","","",NA
"","","","",NA,"","","",NA
"","","","",NA,"","","",NA
"","","","",NA,"","","",NA
"","","","",NA,"","","",NA
"","","","",NA,"","","",NA
"","","","",NA,"","","",NA
"","","","",NA,"","","",NA
"","","","",NA,"","","",NA
"","","","",NA,"","","",NA
"","","","",NA,"","","",NA
"","","","",NA,"","","",NA
"","","","",NA,"","","",NA
"","","","",NA,"","","",NA
"","","","",NA,"","","",NA
"","","","",NA,"","","",NA
"","","","",NA,"","","",NA
"","","","",NA,"","","",NA
"","","","",NA,"","","",NA
"","","","",NA,"","","",NA
"","","","",NA,"","","",NA
"","","","",NA,"","","",NA
"","","","",NA,"","","",NA
"","","","",NA,"","","",NA
"","","","",NA,"","","",NA
"","","","",NA,"","","",NA
"","","","",NA,"","","",NA
"","","","",NA,"","","",NA
"","","","",NA,"","","",NA
"","","","",NA,"","","",NA
"","","","",NA,"","","",NA
"","","","",NA,"","","",NA
"","","","",NA,"","","",NA
"","","","",NA,"","","",NA
"","","","",NA,"","","",NA
"","","","",NA,"","","",NA
"","","","",NA,"","","",NA
"","","","",NA,"","","",NA
"","","","",NA,"","","",NA
"","","","",NA,"","","",NA
"","","","",NA,"","","",NA
"","","","",NA,"","","",NA
"","","","",NA,"","","",NA
"","","","",NA,"","","",NA
"","","","",NA,"","","",NA
"","","","",NA,"","","",NA
"","","","",NA,"","","",NA
"","","","",NA,"","","",NA
"","","","",NA,"","","",NA
"","","","",NA,"","","",NA
"","","","",NA,"","","",NA
"","","","",NA,"","","",NA
"","","","",NA,"","","",NA
"","","","",NA,"","","",NA
"","","","",NA,"","","",NA
"","","","",NA,"","","",NA
"","","","",NA,"","","",NA
"","","","",NA,"","","",NA
"","","","",NA,"","","",NA
"","","","",NA,"","","",NA
"","","","",NA,"","","",NA
"","","","",NA,"","","",NA
"","","","",NA,"","","",NA
"","","","",NA,"","","",NA
"","","","",NA,"","","",NA
"","","","",NA,"","","",NA
"","","","",NA,"","","",NA
"","","","",NA,"","","",NA
"","","","",NA,"","","",NA
"","","","",NA,"","","",NA
"","","","",NA,"","","",NA
"","","","",NA,"","","",NA
"","","","",NA,"","","",NA
"","","","",NA,"","","",NA
"","","","",NA,"","","",NA
"","","","",NA,"","","",NA
"","","","",NA,"","","",NA
"","","","",NA,"","","",NA
"","","","",NA,"","","",NA
"","","","",NA,"","","",NA
"","","","",NA,"","","",NA
"","","","",NA,"","","",NA
"","","","",NA,"","","",NA
"","","","",NA,"","","",NA
"","","","",NA,"","","",NA
"","","","",NA,"","","",NA
"","","","",NA,"","","",NA
"","","","",NA,"","","",NA
"","","","",NA,"","","",NA
"","","","",NA,"","","",NA
"","","","",NA,"","","",NA
"","","","",NA,"","","",NA
"","","","",NA,"","","",NA
"","","","",NA,"","","",NA
"","","","",NA,"","","",NA
"","","","",NA,"","","",NA
"","","","",NA,"","","",NA
"","","","",NA,"","","",NA
"","","","",NA,"","","",NA
"","","","",NA,"","","",NA
"","","","",NA,"","","",NA
"","","","",NA,"","","",NA
"","","","",NA,"","","",NA
"","","","",NA,"","","",NA
"","","","",NA,"","","",NA
"","","","",NA,"","","",NA
"","","","",NA,"","","",NA
"","","","",NA,"","","",NA
"","","","",NA,"","","",NA
"","","","",NA,"","","",NA
"","","","",NA,"","","",NA
"","","","",NA,"","","",NA
"","","","",NA,"","","",NA
"","","","",NA,"","","",NA
"","","","",NA,"","","",NA
"","","","",NA,"","","",NA
"","","","",NA,"","","",NA
"","","","",NA,"","","",NA
"","","","",NA,"","","",NA
"","","","",NA,"","","",NA
"","","","",NA,"","","",NA
"","","","",NA,"","","",NA
"","","","",NA,"","","",NA
"","","","",NA,"","","",NA
"","","","",NA,"","","",NA
"","","","",NA,"","","",NA
"","","","",NA,"","","",NA
"","","","",NA,"","","",NA
"","","","",NA,"","","",NA
"","","","",NA,"","","",NA
"","","","",NA,"","","",NA
"","","","",NA,"","","",NA
"","","","",NA,"","","",NA
"","","","",NA,"","","",NA
"","","","",NA,"","","",NA
"","","","",NA,"","","",NA
"","","","",NA,"","","",NA
"","","","",NA,"","","",NA
"","","","",NA,"","","",NA
"","","","",NA,"","","",NA
"","","","",NA,"","","",NA
"","","","",NA,"","","",NA
"","","","",NA,"","","",NA
"","","","",NA,"","","",NA
"","","","",NA,"","","",NA
"","","","",NA,"","","",NA
"","","","",NA,"","","",NA
"","","","",NA,"","","",NA
"","","","",NA,"","","",NA
"","","","",NA,"","","",NA
"","","","",NA,"","","",NA
"","","","",NA,"","","",NA
"","","","",NA,"","","",NA
"","","","",NA,"","","",NA
"","","","",NA,"","","",NA
"","","","",NA,"","","",NA
"","","","",NA,"","","",NA
"","","","",NA,"","","",NA
"","","","",NA,"","","",NA
"","","","",NA,"","","",NA
"","","","",NA,"","","",NA
"","","","",NA,"","","",NA
"","","","",NA,"","","",NA
"","","","",NA,"","","",NA
"","","","",NA,"","","",NA
"","","","",NA,"","","",NA
"","","","",NA,"","","",NA
"","","","",NA,"","","",NA
"","","","",NA,"","","",NA
"","","","",NA,"","","",NA
"","","","",NA,"","","",NA
"","","","",NA,"","","",NA
"","","","",NA,"","","",NA
"","","","",NA,"","","",NA
"","","","",NA,"","","",NA
"","","","",NA,"","","",NA
"","","","",NA,"","","",NA
"","","","",NA,"","","",NA
"","","","",NA,"","","",NA
"","","","",NA,"","","",NA
"","","","",NA,"","","",NA
"","","","",NA,"","","",NA
"","","","",NA,"","","",NA
"","","","",NA,"","","",NA
"","","","",NA,"","","",NA
"","","","",NA,"","","",NA
"","","","",NA,"","","",NA
"","","","",NA,"","","",NA
"","","","",NA,"","","",NA
"","","","",NA,"","","",NA
"","","","",NA,"","","",NA
"","","","",NA,"","","",NA
"","","","",NA,"","","",NA
"","","","",NA,"","","",NA
"","","","",NA,"","","",NA
"","","","",NA,"","","",NA
"","","","",NA,"","","",NA
"","","","",NA,"","","",NA
"","","","",NA,"","","",NA
"","","","",NA,"","","",NA
"","","","",NA,"","","",NA
"","","","",NA,"","","",NA
"","","","",NA,"","","",NA
"","","","",NA,"","","",NA
"","","","",NA,"","","",NA
"","","","",NA,"","","",NA
"","","","",NA,"","","",NA
"","","","",NA,"","","",NA
"","","","",NA,"","","",NA
"","","","",NA,"","","",NA
"","","","",NA,"","","",NA
"","","","",NA,"","","",NA
"","","","",NA,"","","",NA
"","","","",NA,"","","",NA
"","","","",NA,"","","",NA
"","","","",NA,"","","",NA
"","","","",NA,"","","",NA
"","","","",NA,"","","",NA
"","","","",NA,"","","",NA
"","","","",NA,"","","",NA
"","","","",NA,"","","",NA
"","","","",NA,"","","",NA
"","","","",NA,"","","",NA
"","","","",NA,"","","",NA
"","","","",NA,"","","",NA
"","","","",NA,"","","",NA
"","","","",NA,"","","",NA
"","","","",NA,"","","",NA
"","","","",NA,"","","",NA
"","","","",NA,"","","",NA
"","","","",NA,"","","",NA
"","","","",NA,"","","",NA
"","","","",NA,"","","",NA
"","","","",NA,"","","",NA
"","","","",NA,"","","",NA
"","","","",NA,"","","",NA
"","","","",NA,"","","",NA
"","","","",NA,"","","",NA
"","","","",NA,"","","",NA
"","","","",NA,"","","",NA
"","","","",NA,"","","",NA
"","","","",NA,"","","",NA
"","","","",NA,"","","",NA
"","","","",NA,"","","",NA
"","","","",NA,"","","",NA
"","","","",NA,"","","",NA
"","","","",NA,"","","",NA
"","","","",NA,"","","",NA
"","","","",NA,"","","",NA
"","","","",NA,"","","",NA
"","","","",NA,"","","",NA
"","","","",NA,"","","",NA
"","","","",NA,"","","",NA
"","","","",NA,"","","",NA
"","","","",NA,"","","",NA
"","","","",NA,"","","",NA
"","","","",NA,"","","",NA
"","","","",NA,"","","",NA
"","","","",NA,"","","",NA
"","","","",NA,"","","",NA
"","","","",NA,"","","",NA
"","","","",NA,"","","",NA
"","","","",NA,"","","",NA
"","","","",NA,"","","",NA
"","","","",NA,"","","",NA
"","","","",NA,"","","",NA
"","","","",NA,"","","",NA
"","","","",NA,"","","",NA
"","","","",NA,"","","",NA
"","","","",NA,"","","",NA
"","","","",NA,"","","",NA
"","","","",NA,"","","",NA
"","","","",NA,"","","",NA
"","","","",NA,"","","",NA
"","","","",NA,"","","",NA
"","","","",NA,"","","",NA
"","","","",NA,"","","",NA
"","","","",NA,"","","",NA
"","","","",NA,"","","",NA
"","","","",NA,"","","",NA
"","","","",NA,"","","",NA
"","","","",NA,"","","",NA
"","","","",NA,"","","",NA
"","","","",NA,"","","",NA
"","","","",NA,"","","",NA
"","","","",NA,"","","",NA
"","","","",NA,"","","",NA
"","","","",NA,"","","",NA
"","","","",NA,"","","",NA
"","","","",NA,"","","",NA
"","","","",NA,"","","",NA
"","","","",NA,"","","",NA
"","","","",NA,"","","",NA
"","","","",NA,"","","",NA
"","","","",NA,"","","",NA
"","","","",NA,"","","",NA
"","","","",NA,"","","",NA
"","","","",NA,"","","",NA
"","","","",NA,"","","",NA
"","","","",NA,"","","",NA
"","","","",NA,"","","",NA
"","","","",NA,"","","",NA
"","","","",NA,"","","",NA
"","","","",NA,"","","",NA
"","","","",NA,"","","",NA
"","","","",NA,"","","",NA
"","","","",NA,"","","",NA
"","","","",NA,"","","",NA
"","","","",NA,"","","",NA
"","","","",NA,"","","",NA
"","","","",NA,"","","",NA
"","","","",NA,"","","",NA
"","","","",NA,"","","",NA
"","","","",NA,"","","",NA
"","","","",NA,"","","",NA
"","","","",NA,"","","",NA
"","","","",NA,"","","",NA
"","","","",NA,"","","",NA
"","","","",NA,"","","",NA
"","","","",NA,"","","",NA
"","","","",NA,"","","",NA
"","","","",NA,"","","",NA
"","","","",NA,"","","",NA
"","","","",NA,"","","",NA
"","","","",NA,"","","",NA
"","","","",NA,"","","",NA
"","","","",NA,"","","",NA
"","","","",NA,"","","",NA
"","","","",NA,"","","",NA
"","","","",NA,"","","",NA
"","","","",NA,"","","",NA
"","","","",NA,"","","",NA
"","","","",NA,"","","",NA
"","","","",NA,"","","",NA
"","","","",NA,"","","",NA
"","","","",NA,"","","",NA
"","","","",NA,"","","",NA
"","","","",NA,"","","",NA
"","","","",NA,"","","",NA
"","","","",NA,"","","",NA
"","","","",NA,"","","",NA
"","","","",NA,"","","",NA
"","","","",NA,"","","",NA
"","","","",NA,"","","",NA
"","","","",NA,"","","",NA
"","","","",NA,"","","",NA
"","","","",NA,"","","",NA
"","","","",NA,"","","",NA
"","","","",NA,"","","",NA
"","","","",NA,"","","",NA
"","","","",NA,"","","",NA
"","","","",NA,"","","",NA
"","","","",NA,"","","",NA
"","","","",NA,"","","",NA
"","","","",NA,"","","",NA
"","","","",NA,"","","",NA
"","","","",NA,"","","",NA
"","","","",NA,"","","",NA
"","","","",NA,"","","",NA
"","","","",NA,"","","",NA
"","","","",NA,"","","",NA
"","","","",NA,"","","",NA
"","","","",NA,"","","",NA
"","","","",NA,"","","",NA
"","","","",NA,"","","",NA
"","","","",NA,"","","",NA
"","","","",NA,"","","",NA
"","","","",NA,"","","",NA
"","","","",NA,"","","",NA
"","","","",NA,"","","",NA
"","","","",NA,"","","",NA
"","","","",NA,"","","",NA
"","","","",NA,"","","",NA
"","","","",NA,"","","",NA
"","","","",NA,"","","",NA
"","","","",NA,"","","",NA
"","","","",NA,"","","",NA
"","","","",NA,"","","",NA
"","","","",NA,"","","",NA
"","","","",NA,"","","",NA
"","","","",NA,"","","",NA
"","","","",NA,"","","",NA
"","","","",NA,"","","",NA
"","","","",NA,"","","",NA
"","","","",NA,"","","",NA
"","","","",NA,"","","",NA
"","","","",NA,"","","",NA
"","","","",NA,"","","",NA
"","","","",NA,"","","",NA
"","","","",NA,"","","",NA
"","","","",NA,"","","",NA
"","","","",NA,"","","",NA
"","","","",NA,"","","",NA
"","","","",NA,"","","",NA
"","","","",NA,"","","",NA
"","","","",NA,"","","",NA
"","","","",NA,"","","",NA
"","","","",NA,"","","",NA
"","","","",NA,"","","",NA
"","","","",NA,"","","",NA
"","","","",NA,"","","",NA
"","","","",NA,"","","",NA
"","","","",NA,"","","",NA
"","","","",NA,"","","",NA
"","","","",NA,"","","",NA
"","","","",NA,"","","",NA
"","","","",NA,"","","",NA
"","","","",NA,"","","",NA
"","","","",NA,"","","",NA
"","","","",NA,"","","",NA
"","","","",NA,"","","",NA
"","","","",NA,"","","",NA
"","","","",NA,"","","",NA
"","","","",NA,"","","",NA
"","","","",NA,"","","",NA
"","","","",NA,"","","",NA
"","","","",NA,"","","",NA
"","","","",NA,"","","",NA
"","","","",NA,"","","",NA
"","","","",NA,"","","",NA
"","","","",NA,"","","",NA
"","","","",NA,"","","",NA
"","","","",NA,"","","",NA
"","","","",NA,"","","",NA
"","","","",NA,"","","",NA
"","","","",NA,"","","",NA
"","","","",NA,"","","",NA
"","","","",NA,"","","",NA
"","","","",NA,"","","",NA
"","","","",NA,"","","",NA
"","","","",NA,"","","",NA
"","","","",NA,"","","",NA
"","","","",NA,"","","",NA
"","","","",NA,"","","",NA
"","","","",NA,"","","",NA
"","","","",NA,"","","",NA
"","","","",NA,"","","",NA
"","","","",NA,"","","",NA
"","","","",NA,"","","",NA
"","","","",NA,"","","",NA
"","","","",NA,"","","",NA
"","","","",NA,"","","",NA
"","","","",NA,"","","",NA
"","","","",NA,"","","",NA
"","","","",NA,"","","",NA
"","","","",NA,"","","",NA
"","","","",NA,"","","",NA
"","","","",NA,"","","",NA
"","","","",NA,"","","",NA
"","","","",NA,"","","",NA
"","","","",NA,"","","",NA
"","","","",NA,"","","",NA
"","","","",NA,"","","",NA
"","","","",NA,"","","",NA
"","","","",NA,"","","",NA
"","","","",NA,"","","",NA
"","","","",NA,"","","",NA
"","","","",NA,"","","",NA
"","","","",NA,"","","",NA
"","","","",NA,"","","",NA
"","","","",NA,"","","",NA
"","","","",NA,"","","",NA
"","","","",NA,"","","",NA
"","","","",NA,"","","",NA
"","","","",NA,"","","",NA
"","","","",NA,"","","",NA
"","","","",NA,"","","",NA
"","","","",NA,"","","",NA
"","","","",NA,"","","",NA
"","","","",NA,"","","",NA
"","","","",NA,"","","",NA
"","","","",NA,"","","",NA
"","","","",NA,"","","",NA
"","","","",NA,"","","",NA
"","","","",NA,"","","",NA
"","","","",NA,"","","",NA
"","","","",NA,"","","",NA
"","","","",NA,"","","",NA
"","","","",NA,"","","",NA
"","","","",NA,"","","",NA
"","","","",NA,"","","",NA
"","","","",NA,"","","",NA
"","","","",NA,"","","",NA
"","","","",NA,"","","",NA
"","","","",NA,"","","",NA
"","","","",NA,"","","",NA
"","","","",NA,"","","",NA
"","","","",NA,"","","",NA
"","","","",NA,"","","",NA
"","","","",NA,"","","",NA
"","","","",NA,"","","",NA
"","","","",NA,"","","",NA
"","","","",NA,"","","",NA
"","","","",NA,"","","",NA
"","","","",NA,"","","",NA
"","","","",NA,"","","",NA
"","","","",NA,"","","",NA
"","","","",NA,"","","",NA
"","","","",NA,"","","",NA
"","","","",NA,"","","",NA
"","","","",NA,"","","",NA
"","","","",NA,"","","",NA
"","","","",NA,"","","",NA
"","","","",NA,"","","",NA
"","","","",NA,"","","",NA
"","","","",NA,"","","",NA
"","","","",NA,"","","",NA
"","","","",NA,"","","",NA
"","","","",NA,"","","",NA
"","","","",NA,"","","",NA
"","","","",NA,"","","",NA
"","","","",NA,"","","",NA
"","","","",NA,"","","",NA
"","","","",NA,"","","",NA
"","","","",NA,"","","",NA
"","","","",NA,"","","",NA
"","","","",NA,"","","",NA
"","","","",NA,"","","",NA
"","","","",NA,"","","",NA
"","","","",NA,"","","",NA
"","","","",NA,"","","",NA
"","","","",NA,"","","",NA
"","","","",NA,"","","",NA
"","","","",NA,"","","",NA
"","","","",NA,"","","",NA
"","","","",NA,"","","",NA
"","","","",NA,"","","",NA
"","","","",NA,"","","",NA
"","","","",NA,"","","",NA
"","","","",NA,"","","",NA
"","","","",NA,"","","",NA
"","","","",NA,"","","",NA
"","","","",NA,"","","",NA
"","","","",NA,"","","",NA
"","","","",NA,"","","",NA
"","","","",NA,"","","",NA
"","","","",NA,"","","",NA
"","","","",NA,"","","",NA
"","","","",NA,"","","",NA
"","","","",NA,"","","",NA
"","","","",NA,"","","",NA
"","","","",NA,"","","",NA
"","","","",NA,"","","",NA
"","","","",NA,"","","",NA
"","","","",NA,"","","",NA
"","","","",NA,"","","",NA
"","","","",NA,"","","",NA
"","","","",NA,"","","",NA
"","","","",NA,"","","",NA
"","","","",NA,"","","",NA
"","","","",NA,"","","",NA
"","","","",NA,"","","",NA
"","","","",NA,"","","",NA
"","","","",NA,"","","",NA
"","","","",NA,"","","",NA
"","","","",NA,"","","",NA
"","","","",NA,"","","",NA
"","","","",NA,"","","",NA
"","","","",NA,"","","",NA
"","","","",NA,"","","",NA
"","","","",NA,"","","",NA
"","","","",NA,"","","",NA
"","","","",NA,"","","",NA
"","","","",NA,"","","",NA
"","","","",NA,"","","",NA
"","","","",NA,"","","",NA
"","","","",NA,"","","",NA
"","","","",NA,"","","",NA
"","","","",NA,"","","",NA
"","","","",NA,"","","",NA
"","","","",NA,"","","",NA
"","","","",NA,"","","",NA
"","","","",NA,"","","",NA
"","","","",NA,"","","",NA
"","","","",NA,"","","",NA
"","","","",NA,"","","",NA
"","","","",NA,"","","",NA
"","","","",NA,"","","",NA
"","","","",NA,"","","",NA
"","","","",NA,"","","",NA
"","","","",NA,"","","",NA
"","","","",NA,"","","",NA
"","","","",NA,"","","",NA
"","","","",NA,"","","",NA
"","","","",NA,"","","",NA
"","","","",NA,"","","",NA
"","","","",NA,"","","",NA
"","","","",NA,"","","",NA
"","","","",NA,"","","",NA
"","","","",NA,"","","",NA
"","","","",NA,"","","",NA
"","","","",NA,"","","",NA
"","","","",NA,"","","",NA
"","","","",NA,"","","",NA
"","","","",NA,"","","",NA
"","","","",NA,"","","",NA
"","","","",NA,"","","",NA
"","","","",NA,"","","",NA
"","","","",NA,"","","",NA
"","","","",NA,"","","",NA
"","","","",NA,"","","",NA
"","","","",NA,"","","",NA
"","","","",NA,"","","",NA
"","","","",NA,"","","",NA
"","","","",NA,"","","",NA
"","","","",NA,"","","",NA
"","","","",NA,"","","",NA
"","","","",NA,"","","",NA
"","","","",NA,"","","",NA
"","","","",NA,"","","",NA
"","","","",NA,"","","",NA
"","","","",NA,"","","",NA
"","","","",NA,"","","",NA
"","","","",NA,"","","",NA
"","","","",NA,"","","",NA
"","","","",NA,"","","",NA
"","","","",NA,"","","",NA
"","","","",NA,"","","",NA
"","","","",NA,"","","",NA
"","","","",NA,"","","",NA
"","","","",NA,"","","",NA
"","","","",NA,"","","",NA
"","","","",NA,"","","",NA
"","","","",NA,"","","",NA
"","","","",NA,"","","",NA
"","","","",NA,"","","",NA
"","","","",NA,"","","",NA
"","","","",NA,"","","",NA
"","","","",NA,"","","",NA
"","","","",NA,"","","",NA
"","","","",NA,"","","",NA
"","","","",NA,"","","",NA
"","","","",NA,"","","",NA
"","","","",NA,"","","",NA
"","","","",NA,"","","",NA
"","","","",NA,"","","",NA
"","","","",NA,"","","",NA
"","","","",NA,"","","",NA
"","","","",NA,"","","",NA
"","","","",NA,"","","",NA
"","","","",NA,"","","",NA
"","","","",NA,"","","",NA
"","","","",NA,"","","",NA
"","","","",NA,"","","",NA
"","","","",NA,"","","",NA
"","","","",NA,"","","",NA
"","","","",NA,"","","",NA
"","","","",NA,"","","",NA
"","","","",NA,"","","",NA
"","","","",NA,"","","",NA
"","","","",NA,"","","",NA
"","","","",NA,"","","",NA
"","","","",NA,"","","",NA
"","","","",NA,"","","",NA
"","","","",NA,"","","",NA
"","","","",NA,"","","",NA
"","","","",NA,"","","",NA
"","","","",NA,"","","",NA
"","","","",NA,"","","",NA
"","","","",NA,"","","",NA
"","","","",NA,"","","",NA
"","","","",NA,"","","",NA
"","","","",NA,"","","",NA
"","","","",NA,"","","",NA
"","","","",NA,"","","",NA
"","","","",NA,"","","",NA
"","","","",NA,"","","",NA
"","","","",NA,"","","",NA
"","","","",NA,"","","",NA
"","","","",NA,"","","",NA
"","","","",NA,"","","",NA
"","","","",NA,"","","",NA
"","","","",NA,"","","",NA
"","","","",NA,"","","",NA
"","","","",NA,"","","",NA
"","","","",NA,"","","",NA
"","","","",NA,"","","",NA
"","","","",NA,"","","",NA
"","","","",NA,"","","",NA
"","","","",NA,"","","",NA
"","","","",NA,"","","",NA
"","","","",NA,"","","",NA
"","","","",NA,"","","",NA
"","","","",NA,"","","",NA
"","","","",NA,"","","",NA
"","","","",NA,"","","",NA
"","","","",NA,"","","",NA
"","","","",NA,"","","",NA
"","","","",NA,"","","",NA
"","","","",NA,"","","",NA
"","","","",NA,"","","",NA
"","","","",NA,"","","",NA
"","","","",NA,"","","",NA
"","","","",NA,"","","",NA
"","","","",NA,"","","",NA
"","","","",NA,"","","",NA
"","","","",NA,"","","",NA
"","","","",NA,"","","",NA
"","","","",NA,"","","",NA
"","","","",NA,"","","",NA
"","","","",NA,"","","",NA
"","","","",NA,"","","",NA
"","","","",NA,"","","",NA
"","","","",NA,"","","",NA
"","","","",NA,"","","",NA
"","","","",NA,"","","",NA
"","","","",NA,"","","",NA
"","","","",NA,"","","",NA
"","","","",NA,"","","",NA
"","","","",NA,"","","",NA
"","","","",NA,"","","",NA
"","","","",NA,"","","",NA
"","","","",NA,"","","",NA
"","","","",NA,"","","",NA
"","","","",NA,"","","",NA
"","","","",NA,"","","",NA
"","","","",NA,"","","",NA
"","","","",NA,"","","",NA
"","","","",NA,"","","",NA
"","","","",NA,"","","",NA
"","","","",NA,"","","",NA
"","","","",NA,"","","",NA
"","","","",NA,"","","",NA
"","","","",NA,"","","",NA
"","","","",NA,"","","",NA
"","","","",NA,"","","",NA
"","","","",NA,"","","",NA
"","","","",NA,"","","",NA
"","","","",NA,"","","",NA
"","","","",NA,"","","",NA
"","","","",NA,"","","",NA
"","","","",NA,"","","",NA
"","","","",NA,"","","",NA
"","","","",NA,"","","",NA
"","","","",NA,"","","",NA
"","","","",NA,"","","",NA
"","","","",NA,"","","",NA
"","","","",NA,"","","",NA
"","","","",NA,"","","",NA
"","","","",NA,"","","",NA
"","","","",NA,"","","",NA
"","","","",NA,"","","",NA
"","","","",NA,"","","",NA
"","","","",NA,"","","",NA
"","","","",NA,"","","",NA
"","","","",NA,"","","",NA
"","","","",NA,"","","",NA
"","","","",NA,"","","",NA
"","","","",NA,"","","",NA
"","","","",NA,"","","",NA
"","","","",NA,"","","",NA
"","","","",NA,"","","",NA
"","","","",NA,"","","",NA
"","","","",NA,"","","",NA
"","","","",NA,"","","",NA
"","","","",NA,"","","",NA
"","","","",NA,"","","",NA
"","","","",NA,"","","",NA
"","","","",NA,"","","",NA
"","","","",NA,"","","",NA
"","","","",NA,"","","",NA
"","","","",NA,"","","",NA
"","","","",NA,"","","",NA
"","","","",NA,"","","",NA
"","","","",NA,"","","",NA
"","","","",NA,"","","",NA
"","","","",NA,"","","",NA
"","","","",NA,"","","",NA
"","","","",NA,"","","",NA
"","","","",NA,"","","",NA
"","","","",NA,"","","",NA
"","","","",NA,"","","",NA
