"site","ID","day","month","ext","order","family","Bloc","Coupe","Exclos","Analogue","ord.fam"
"ACPAEA1","col013",20,"mai",3,"Poduromorpha","Hypogastruridae","A","partielle","avec","1","Poduromorpha Hypogastruridae"
"ACPAEA1","col014",20,"mai",3,"Entomobryomorpha","Isotomidae","A","partielle","avec","1","Entomobryomorpha Isotomidae"
"ACPAEA1","col214",16,"juin",6,"Poduromorpha","Onychiuridae","A","partielle","avec","1","Poduromorpha Onychiuridae"
"ACPAEA1","col210",16,"juin",6,"Poduromorpha","Tullbergidae","A","partielle","avec","1","Poduromorpha Tullbergidae"
"ACPAEA1","col212",16,"juin",6,"Poduromorpha","Hypogastruridae","A","partielle","avec","1","Poduromorpha Hypogastruridae"
"ACPAEA1","col213",16,"juin",6,"Poduromorpha","Onychiuridae","A","partielle","avec","1","Poduromorpha Onychiuridae"
"ACPAEA1","col211",16,"juin",6,"Poduromorpha","Hypogastruridae","A","partielle","avec","1","Poduromorpha Hypogastruridae"
"ACPAEA1","col217",16,"juin",6,"Poduromorpha","Hypogastruridae","A","partielle","avec","1","Poduromorpha Hypogastruridae"
"ACPAEA1","col215",16,"juin",6,"Poduromorpha","Onychiuridae","A","partielle","avec","1","Poduromorpha Onychiuridae"
"ACPAEA1","col216",16,"juin",6,"Symphypleona","Dicyrtomidae","A","partielle","avec","1","Symphypleona Dicyrtomidae"
"ACPAEA2","col187",16,"juin",6,"Entomobryomorpha","Entomobryidae","A","partielle","avec","2","Entomobryomorpha Entomobryidae"
"ACPAEA2","col379",11,"juillet",3,"Entomobryomorpha","Isotomidae","A","partielle","avec","2","Entomobryomorpha Isotomidae"
"ACPAEA2","col184",16,"juin",6,"Entomobryomorpha","Entomobryidae","A","partielle","avec","2","Entomobryomorpha Entomobryidae"
"ACPAEA2","col185",16,"juin",6,"Symphypleona","Katiannidae","A","partielle","avec","2","Symphypleona Katiannidae"
"ACPAEA2","col380",11,"juillet",3,"Entomobryomorpha","Isotomidae","A","partielle","avec","2","Entomobryomorpha Isotomidae"
"ACPAEA2","col183",16,"juin",6,"Entomobryomorpha","Entomobryidae","A","partielle","avec","2","Entomobryomorpha Entomobryidae"
"ACPAEA2","col178",16,"juin",6,"Entomobryomorpha","Entomobryidae","A","partielle","avec","2","Entomobryomorpha Entomobryidae"
"ACPAEA2","col188",16,"juin",6,"Entomobryomorpha","Entomobryidae","A","partielle","avec","2","Entomobryomorpha Entomobryidae"
"ACPAEA2","col186",16,"juin",6,"Entomobryomorpha","Entomobryidae","A","partielle","avec","2","Entomobryomorpha Entomobryidae"
"ACPAEA2","col172",16,"juin",6,"Entomobryomorpha","Entomobryidae","A","partielle","avec","2","Entomobryomorpha Entomobryidae"
"ACPAEA2","col192",16,"juin",6,"Entomobryomorpha","Entomobryidae","A","partielle","avec","2","Entomobryomorpha Entomobryidae"
"ACPAEA2","col179",16,"juin",6,"Entomobryomorpha","Entomobryidae","A","partielle","avec","2","Entomobryomorpha Entomobryidae"
"ACPAEA2","col190",16,"juin",6,"Poduromorpha","Hypogastruridae","A","partielle","avec","2","Poduromorpha Hypogastruridae"
"ACPAEA2","col181",16,"juin",6,"Entomobryomorpha","Entomobryidae","A","partielle","avec","2","Entomobryomorpha Entomobryidae"
"ACPAEA2","col182",16,"juin",6,"Entomobryomorpha","Entomobryidae","A","partielle","avec","2","Entomobryomorpha Entomobryidae"
"ACPAEA2","col175",16,"juin",6,"Entomobryomorpha","Entomobryidae","A","partielle","avec","2","Entomobryomorpha Entomobryidae"
"ACPAEA2","col173",16,"juin",6,"Entomobryomorpha","Entomobryidae","A","partielle","avec","2","Entomobryomorpha Entomobryidae"
"ACPAEA2","col174",16,"juin",6,"Entomobryomorpha","Entomobryidae","A","partielle","avec","2","Entomobryomorpha Entomobryidae"
"ACPAEA2","col180",16,"juin",6,"Entomobryomorpha","Entomobryidae","A","partielle","avec","2","Entomobryomorpha Entomobryidae"
"ACPAEA2","col177",16,"juin",6,"Entomobryomorpha","Entomobryidae","A","partielle","avec","2","Entomobryomorpha Entomobryidae"
"ACPAEA2","col189",16,"juin",6,"Entomobryomorpha","Entomobryidae","A","partielle","avec","2","Entomobryomorpha Entomobryidae"
"ACPAEA2","col191",16,"juin",6,"Symphypleona","Neelidae","A","partielle","avec","2","Symphypleona Neelidae"
"ACPAEA2","col176",16,"juin",6,"Entomobryomorpha","Entomobryidae","A","partielle","avec","2","Entomobryomorpha Entomobryidae"
"ACPAEA3","col278",16,"juin",6,"Entomobryomorpha","Isotomidae","A","partielle","avec","3","Entomobryomorpha Isotomidae"
"ACPAEA3","col273",16,"juin",6,"Poduromorpha","Hypogastruridae","A","partielle","avec","3","Poduromorpha Hypogastruridae"
"ACPAEA3","col276",16,"juin",6,"Poduromorpha","Neanuridae","A","partielle","avec","3","Poduromorpha Neanuridae"
"ACPAEA3","col272",16,"juin",6,"Entomobryomorpha","Isotomidae","A","partielle","avec","3","Entomobryomorpha Isotomidae"
"ACPAEA3","col277",16,"juin",6,"Entomobryomorpha","Isotomidae","A","partielle","avec","3","Entomobryomorpha Isotomidae"
"ACPAEA3","col275",16,"juin",6,"Poduromorpha","Tullbergidae","A","partielle","avec","3","Poduromorpha Tullbergidae"
"ACPAEA3","col333",11,"juillet",3,"Entomobryomorpha","Entomobryidae","A","partielle","avec","3","Entomobryomorpha Entomobryidae"
"ACPAEA3","col018",20,"mai",3,"Symphypleona","Sminthuridae","A","partielle","avec","3","Symphypleona Sminthuridae"
"ACPAEA3","col279",16,"juin",6,"Poduromorpha","Hypogastruridae","A","partielle","avec","3","Poduromorpha Hypogastruridae"
"ACPAEA3","col334",11,"juillet",3,"Poduromorpha","Onychiuridae","A","partielle","avec","3","Poduromorpha Onychiuridae"
"ACPAEA3","col271",16,"juin",6,"Entomobryomorpha","Isotomidae","A","partielle","avec","3","Entomobryomorpha Isotomidae"
"ACPAEA3","col274",16,"juin",6,"Poduromorpha","Hypogastruridae","A","partielle","avec","3","Poduromorpha Hypogastruridae"
"ACPSEA1","col150",16,"juin",6,"Symphypleona","Sminthurididae","A","partielle","sans","1","Symphypleona Sminthurididae"
"ACPSEA1","col009",20,"mai",3,"Symphypleona","Sminthuridae","A","partielle","sans","1","Symphypleona Sminthuridae"
"ACPSEA2","col199",16,"juin",6,"Entomobryomorpha","Entomobryidae","A","partielle","sans","2","Entomobryomorpha Entomobryidae"
"ACPSEA2","col205",16,"juin",6,"Entomobryomorpha","Isotomidae","A","partielle","sans","2","Entomobryomorpha Isotomidae"
"ACPSEA2","col201",16,"juin",6,"Poduromorpha","Onychiuridae","A","partielle","sans","2","Poduromorpha Onychiuridae"
"ACPSEA2","col203",16,"juin",6,"Entomobryomorpha","Isotomidae","A","partielle","sans","2","Entomobryomorpha Isotomidae"
"ACPSEA2","col208",16,"juin",6,"Entomobryomorpha","Isotomidae","A","partielle","sans","2","Entomobryomorpha Isotomidae"
"ACPSEA2","col200",16,"juin",6,"Entomobryomorpha","Isotomidae","A","partielle","sans","2","Entomobryomorpha Isotomidae"
"ACPSEA2","col202",16,"juin",6,"Entomobryomorpha","Isotomidae","A","partielle","sans","2","Entomobryomorpha Isotomidae"
"ACPSEA2","col207",16,"juin",6,"Symphypleona","Sminthurididae","A","partielle","sans","2","Symphypleona Sminthurididae"
"ACPSEA2","col198",16,"juin",6,"Entomobryomorpha","Isotomidae","A","partielle","sans","2","Entomobryomorpha Isotomidae"
"ACPSEA2","col194",16,"juin",6,"Entomobryomorpha","Isotomidae","A","partielle","sans","2","Entomobryomorpha Isotomidae"
"ACPSEA2","col193",16,"juin",6,"Entomobryomorpha","Tomoceridae","A","partielle","sans","2","Entomobryomorpha Tomoceridae"
"ACPSEA2","col195",16,"juin",6,"Entomobryomorpha","Isotomidae","A","partielle","sans","2","Entomobryomorpha Isotomidae"
"ACPSEA2","col204",16,"juin",6,"Entomobryomorpha","Tomoceridae","A","partielle","sans","2","Entomobryomorpha Tomoceridae"
"ACPSEA2","col206",16,"juin",6,"Poduromorpha","Hypogastruridae","A","partielle","sans","2","Poduromorpha Hypogastruridae"
"ACPSEA2","col196",16,"juin",6,"Entomobryomorpha","Isotomidae","A","partielle","sans","2","Entomobryomorpha Isotomidae"
"ACPSEA2","col197",16,"juin",6,"Entomobryomorpha","Isotomidae","A","partielle","sans","2","Entomobryomorpha Isotomidae"
"ACPSEA3","col004",20,"mai",3,"Entomobryomorpha","Isotomidae","A","partielle","sans","3","Entomobryomorpha Isotomidae"
"ACPSEA3","col008",20,"mai",3,"Symphypleona","Sminthuridae","A","partielle","sans","3","Symphypleona Sminthuridae"
"ACPSEA3","col005",20,"mai",3,"Entomobryomorpha","Entomobryidae","A","partielle","sans","3","Entomobryomorpha Entomobryidae"
"ACPSEA3","col218",16,"juin",6,"Entomobryomorpha","Entomobryidae","A","partielle","sans","3","Entomobryomorpha Entomobryidae"
"ACPSEA3","col006",20,"mai",3,"Poduromorpha","Hypogastruridae","A","partielle","sans","3","Poduromorpha Hypogastruridae"
"ACPSEA3","col007",20,"mai",3,"Entomobryomorpha","Isotomidae","A","partielle","sans","3","Entomobryomorpha Isotomidae"
"ACPSEA3","col476",14,"aout",3,"Entomobryomorpha","Isotomidae","A","partielle","sans","3","Entomobryomorpha Isotomidae"
"ACPSEA3","col355",11,"juillet",3,"Entomobryomorpha","Tomoceridae","A","partielle","sans","3","Entomobryomorpha Tomoceridae"
"ACPSEA3","col219",16,"juin",6,"Entomobryomorpha","Entomobryidae","A","partielle","sans","3","Entomobryomorpha Entomobryidae"
"ACTAEA1","col046",20,"mai",3,"Symphypleona","Sminthuridae","A","totale","avec","1","Symphypleona Sminthuridae"
"ACTAEA2","col477",14,"aout",3,"Poduromorpha","Hypogastruridae","A","totale","avec","2","Poduromorpha Hypogastruridae"
"ACTAEA3","col021",20,"mai",3,"Symphypleona","Dicyrtomidae","A","totale","avec","3","Symphypleona Dicyrtomidae"
"ACTAEA3","col369",11,"juillet",3,"Symphypleona","Katiannidae","A","totale","avec","3","Symphypleona Katiannidae"
"ACTSEA1","col358",11,"juillet",3,"Poduromorpha","Hypogastruridae","A","totale","sans","1","Poduromorpha Hypogastruridae"
"ACTSEA1","col062",20,"mai",3,"Poduromorpha","Hypogastruridae","A","totale","sans","1","Poduromorpha Hypogastruridae"
"ACTSEA1","col389",11,"juillet",6,"Entomobryomorpha","Entomobryidae","A","totale","sans","1","Entomobryomorpha Entomobryidae"
"ACTSEA1","col357",11,"juillet",3,"Entomobryomorpha","Tomoceridae","A","totale","sans","1","Entomobryomorpha Tomoceridae"
"ACTSEA1","col478",14,"aout",6,"Symphypleona","Sminthurididae","A","totale","sans","1","Symphypleona Sminthurididae"
"ACTSEA1","col397",11,"juillet",6,"Poduromorpha","Hypogastruridae","A","totale","sans","1","Poduromorpha Hypogastruridae"
"ACTSEA1","col395",11,"juillet",6,"Poduromorpha","Tullbergidae","A","totale","sans","1","Poduromorpha Tullbergidae"
"ACTSEA1","col390",11,"juillet",6,"Poduromorpha","Hypogastruridae","A","totale","sans","1","Poduromorpha Hypogastruridae"
"ACTSEA1","col066",20,"mai",3,"Entomobryomorpha","Isotomidae","A","totale","sans","1","Entomobryomorpha Isotomidae"
"ACTSEA1","col060",20,"mai",3,"Entomobryomorpha","Entomobryidae","A","totale","sans","1","Entomobryomorpha Entomobryidae"
"ACTSEA1","col391",11,"juillet",6,"Entomobryomorpha","Entomobryidae","A","totale","sans","1","Entomobryomorpha Entomobryidae"
"ACTSEA1","col067",20,"mai",3,"Poduromorpha","Hypogastruridae","A","totale","sans","1","Poduromorpha Hypogastruridae"
"ACTSEA1","col061",20,"mai",3,"Entomobryomorpha","Isotomidae","A","totale","sans","1","Entomobryomorpha Isotomidae"
"ACTSEA1","col064",20,"mai",3,"Poduromorpha","Hypogastruridae","A","totale","sans","1","Poduromorpha Hypogastruridae"
"ACTSEA1","col396",11,"juillet",6,"Poduromorpha","Hypogastruridae","A","totale","sans","1","Poduromorpha Hypogastruridae"
"ACTSEA1","col393",11,"juillet",6,"Poduromorpha","Tullbergidae","A","totale","sans","1","Poduromorpha Tullbergidae"
"ACTSEA1","col065",20,"mai",3,"Poduromorpha","Hypogastruridae","A","totale","sans","1","Poduromorpha Hypogastruridae"
"ACTSEA1","col059",20,"mai",3,"Entomobryomorpha","Isotomidae","A","totale","sans","1","Entomobryomorpha Isotomidae"
"ACTSEA1","col394",11,"juillet",6,"Entomobryomorpha","Entomobryidae","A","totale","sans","1","Entomobryomorpha Entomobryidae"
"ACTSEA1","col392",11,"juillet",6,"Poduromorpha","Hypogastruridae","A","totale","sans","1","Poduromorpha Hypogastruridae"
"ACTSEA1","col398",11,"juillet",6,"Poduromorpha","Hypogastruridae","A","totale","sans","1","Poduromorpha Hypogastruridae"
"ACTSEA1","col479",14,"aout",6,"Entomobryomorpha","Isotomidae","A","totale","sans","1","Entomobryomorpha Isotomidae"
"ACTSEA1","col063",20,"mai",3,"Poduromorpha","Hypogastruridae","A","totale","sans","1","Poduromorpha Hypogastruridae"
"ACTSEA1","col465",14,"aout",3,"Entomobryomorpha","Entomobryidae","A","totale","sans","1","Entomobryomorpha Entomobryidae"
"ACTSEA2","col408",14,"aout",3,"Symphypleona","Sminthurididae","A","totale","sans","2","Symphypleona Sminthurididae"
"ACTSEA3","col366",11,"juillet",3,"Entomobryomorpha","Isotomidae","A","totale","sans","3","Entomobryomorpha Isotomidae"
"ACTSEA3","col364",11,"juillet",3,"Entomobryomorpha","Entomobryidae","A","totale","sans","3","Entomobryomorpha Entomobryidae"
"ACTSEA3","col365",11,"juillet",3,"Entomobryomorpha","Isotomidae","A","totale","sans","3","Entomobryomorpha Isotomidae"
"AT1","col072",20,"mai",3,"Entomobryomorpha","Entomobryidae","A","temoin","sans","temoin","Entomobryomorpha Entomobryidae"
"AT1","col075",20,"mai",3,"Entomobryomorpha","Isotomidae","A","temoin","sans","temoin","Entomobryomorpha Isotomidae"
"AT1","col152",16,"juin",6,"Entomobryomorpha","Entomobryidae","A","temoin","sans","temoin","Entomobryomorpha Entomobryidae"
"AT1","col074",20,"mai",3,"Entomobryomorpha","Isotomidae","A","temoin","sans","temoin","Entomobryomorpha Isotomidae"
"AT1","col073",20,"mai",3,"Entomobryomorpha","Entomobryidae","A","temoin","sans","temoin","Entomobryomorpha Entomobryidae"
"AT2","col079",20,"mai",3,"Poduromorpha","Hypogastruridae","A","temoin","sans","temoin","Poduromorpha Hypogastruridae"
"AT2","col017",20,"mai",3,"Entomobryomorpha","Isotomidae","A","temoin","sans","temoin","Entomobryomorpha Isotomidae"
"AT2","col016",20,"mai",3,"Entomobryomorpha","Entomobryidae","A","temoin","sans","temoin","Entomobryomorpha Entomobryidae"
"AT2","col078",20,"mai",3,"Entomobryomorpha","Entomobryidae","A","temoin","sans","temoin","Entomobryomorpha Entomobryidae"
"AT2","col029",20,"mai",3,"Symphypleona","Katiannidae","A","temoin","sans","temoin","Symphypleona Katiannidae"
"AT2","col080",20,"mai",3,"Symphypleona","Sminthurididae","A","temoin","sans","temoin","Symphypleona Sminthurididae"
"AT2","col015",20,"mai",3,"Entomobryomorpha","Entomobryidae","A","temoin","sans","temoin","Entomobryomorpha Entomobryidae"
"AT2","col427",14,"aout",3,"Poduromorpha","Onychiuridae","A","temoin","sans","temoin","Poduromorpha Onychiuridae"
"AT2","col028",20,"mai",3,"Entomobryomorpha","Entomobryidae","A","temoin","sans","temoin","Entomobryomorpha Entomobryidae"
"AT3","col385",11,"juillet",3,"Poduromorpha","Hypogastruridae","A","temoin","sans","temoin","Poduromorpha Hypogastruridae"
"AT3","col384",11,"juillet",3,"Entomobryomorpha","Isotomidae","A","temoin","sans","temoin","Entomobryomorpha Isotomidae"
"AT3","col386",11,"juillet",3,"Symphypleona","Neelidae","A","temoin","sans","temoin","Symphypleona Neelidae"
"AT3","col388",11,"juillet",3,"Symphypleona","Neelidae","A","temoin","sans","temoin","Symphypleona Neelidae"
"AT3","col387",11,"juillet",3,"Entomobryomorpha","Isotomidae","A","temoin","sans","temoin","Entomobryomorpha Isotomidae"
"BCPAEA1","col049",20,"mai",3,"Symphypleona","Dicyrtomidae","B","partielle","avec","1","Symphypleona Dicyrtomidae"
"BCPAEA1","col305",15,"juillet",3,"Poduromorpha","Hypogastruridae","B","partielle","avec","1","Poduromorpha Hypogastruridae"
"BCPAEA1","col294",15,"juillet",3,"Entomobryomorpha","Isotomidae","B","partielle","avec","1","Entomobryomorpha Isotomidae"
"BCPAEA1","col302",15,"juillet",3,"Poduromorpha","Tullbergidae","B","partielle","avec","1","Poduromorpha Tullbergidae"
"BCPAEA1","col340",15,"juillet",6,"Poduromorpha","Hypogastruridae","B","partielle","avec","1","Poduromorpha Hypogastruridae"
"BCPAEA1","col306",15,"juillet",3,"Entomobryomorpha","Isotomidae","B","partielle","avec","1","Entomobryomorpha Isotomidae"
"BCPAEA1","col307",15,"juillet",3,"Entomobryomorpha","Isotomidae","B","partielle","avec","1","Entomobryomorpha Isotomidae"
"BCPAEA1","col303",15,"juillet",3,"Entomobryomorpha","Isotomidae","B","partielle","avec","1","Entomobryomorpha Isotomidae"
"BCPAEA1","col344",15,"juillet",6,"Poduromorpha","Onychiuridae","B","partielle","avec","1","Poduromorpha Onychiuridae"
"BCPAEA1","col299",15,"juillet",3,"Poduromorpha","Tullbergidae","B","partielle","avec","1","Poduromorpha Tullbergidae"
"BCPAEA1","col301",15,"juillet",3,"Poduromorpha","Tullbergidae","B","partielle","avec","1","Poduromorpha Tullbergidae"
"BCPAEA1","col343",15,"juillet",6,"Poduromorpha","Onychiuridae","B","partielle","avec","1","Poduromorpha Onychiuridae"
"BCPAEA1","col347",15,"juillet",6,"Poduromorpha","Onychiuridae","B","partielle","avec","1","Poduromorpha Onychiuridae"
"BCPAEA1","col345",15,"juillet",6,"Poduromorpha","Hypogastruridae","B","partielle","avec","1","Poduromorpha Hypogastruridae"
"BCPAEA1","col346",15,"juillet",6,"Entomobryomorpha","Isotomidae","B","partielle","avec","1","Entomobryomorpha Isotomidae"
"BCPAEA1","col304",15,"juillet",3,"Poduromorpha","Hypogastruridae","B","partielle","avec","1","Poduromorpha Hypogastruridae"
"BCPAEA1","col298",15,"juillet",3,"Poduromorpha","Hypogastruridae","B","partielle","avec","1","Poduromorpha Hypogastruridae"
"BCPAEA1","col342",15,"juillet",6,"Poduromorpha","Hypogastruridae","B","partielle","avec","1","Poduromorpha Hypogastruridae"
"BCPAEA1","col339",15,"juillet",6,"Entomobryomorpha","Isotomidae","B","partielle","avec","1","Entomobryomorpha Isotomidae"
"BCPAEA1","col300",15,"juillet",3,"Entomobryomorpha","Isotomidae","B","partielle","avec","1","Entomobryomorpha Isotomidae"
"BCPAEA1","col341",15,"juillet",6,"Entomobryomorpha","Isotomidae","B","partielle","avec","1","Entomobryomorpha Isotomidae"
"BCPAEA1","col297",15,"juillet",3,"Poduromorpha","Tullbergidae","B","partielle","avec","1","Poduromorpha Tullbergidae"
"BCPAEA1","col464",18,"aout",3,"Poduromorpha","Hypogastruridae","B","partielle","avec","1","Poduromorpha Hypogastruridae"
"BCPAEA1","col295",15,"juillet",3,"Poduromorpha","Hypogastruridae","B","partielle","avec","1","Poduromorpha Hypogastruridae"
"BCPAEA1","col296",15,"juillet",3,"Poduromorpha","Hypogastruridae","B","partielle","avec","1","Poduromorpha Hypogastruridae"
"BCPAEA1","col463",18,"aout",3,"Poduromorpha","Onychiuridae","B","partielle","avec","1","Poduromorpha Onychiuridae"
"BCPAEA1","col462",18,"aout",3,"Poduromorpha","Onychiuridae","B","partielle","avec","1","Poduromorpha Onychiuridae"
"BCPAEA2","col291",15,"juillet",3,"Entomobryomorpha","Tomoceridae","B","partielle","avec","2","Entomobryomorpha Tomoceridae"
"BCPAEA2","col157",20,"juin",6,"Entomobryomorpha","Entomobryidae","B","partielle","avec","2","Entomobryomorpha Entomobryidae"
"BCPAEA2","col026",20,"mai",3,"Symphypleona","Sminthuridae","B","partielle","avec","2","Symphypleona Sminthuridae"
"BCPAEA2","col156",20,"juin",6,"Entomobryomorpha","Isotomidae","B","partielle","avec","2","Entomobryomorpha Isotomidae"
"BCPAEA2","col158",20,"juin",6,"Entomobryomorpha","Entomobryidae","B","partielle","avec","2","Entomobryomorpha Entomobryidae"
"BCPAEA3","col144",20,"juin",6,"Entomobryomorpha","Isotomidae","B","partielle","avec","3","Entomobryomorpha Isotomidae"
"BCPAEA3","col483",18,"aout",3,"Entomobryomorpha","Isotomidae","B","partielle","avec","3","Entomobryomorpha Isotomidae"
"BCPAEA3","col145",20,"juin",6,"Poduromorpha","Neanuridae","B","partielle","avec","3","Poduromorpha Neanuridae"
"BCPSEA1","col129",20,"juin",6,"Symphypleona","Neelidae","B","partielle","sans","1","Symphypleona Neelidae"
"BCPSEA1","col137",20,"juin",6,"Symphypleona","Neelidae","B","partielle","sans","1","Symphypleona Neelidae"
"BCPSEA1","col038",23,"mai",3,"Symphypleona","Katiannidae","B","partielle","sans","1","Symphypleona Katiannidae"
"BCPSEA1","col141",20,"juin",6,"Poduromorpha","Neanuridae","B","partielle","sans","1","Poduromorpha Neanuridae"
"BCPSEA1","col127",20,"juin",6,"Entomobryomorpha","Isotomidae","B","partielle","sans","1","Entomobryomorpha Isotomidae"
"BCPSEA1","col128",20,"juin",6,"Symphypleona","Neelidae","B","partielle","sans","1","Symphypleona Neelidae"
"BCPSEA1","col132",20,"juin",6,"Entomobryomorpha","Isotomidae","B","partielle","sans","1","Entomobryomorpha Isotomidae"
"BCPSEA1","col131",20,"juin",6,"Symphypleona","Neelidae","B","partielle","sans","1","Symphypleona Neelidae"
"BCPSEA1","col139",20,"juin",6,"Entomobryomorpha","Isotomidae","B","partielle","sans","1","Entomobryomorpha Isotomidae"
"BCPSEA1","col143",20,"juin",6,"Poduromorpha","Neanuridae","B","partielle","sans","1","Poduromorpha Neanuridae"
"BCPSEA1","col130",20,"juin",6,"Symphypleona","Neelidae","B","partielle","sans","1","Symphypleona Neelidae"
"BCPSEA1","col136",20,"juin",6,"Symphypleona","Neelidae","B","partielle","sans","1","Symphypleona Neelidae"
"BCPSEA1","col135",20,"juin",6,"Entomobryomorpha","Isotomidae","B","partielle","sans","1","Entomobryomorpha Isotomidae"
"BCPSEA1","col133",20,"juin",6,"Entomobryomorpha","Isotomidae","B","partielle","sans","1","Entomobryomorpha Isotomidae"
"BCPSEA1","col134",20,"juin",6,"Entomobryomorpha","Isotomidae","B","partielle","sans","1","Entomobryomorpha Isotomidae"
"BCPSEA1","col140",20,"juin",6,"Entomobryomorpha","Isotomidae","B","partielle","sans","1","Entomobryomorpha Isotomidae"
"BCPSEA1","col138",20,"juin",6,"Symphypleona","Neelidae","B","partielle","sans","1","Symphypleona Neelidae"
"BCPSEA1","col372",15,"juillet",6,"Poduromorpha","Tullbergidae","B","partielle","sans","1","Poduromorpha Tullbergidae"
"BCTAEA1","col332",15,"juillet",3,"Poduromorpha","Hypogastruridae","B","totale","avec","1","Poduromorpha Hypogastruridae"
"BCTAEA1","col474",18,"aout",3,"Entomobryomorpha","Isotomidae","B","totale","avec","1","Entomobryomorpha Isotomidae"
"BCTAEA1","col356",15,"juillet",6,"Poduromorpha","Tullbergidae","B","totale","avec","1","Poduromorpha Tullbergidae"
"BCTAEA2","col087",20,"mai",3,"Symphypleona","Sminthuridae","B","totale","avec","2","Symphypleona Sminthuridae"
"BCTAEA2","col086",20,"mai",3,"Entomobryomorpha","Entomobryidae","B","totale","avec","2","Entomobryomorpha Entomobryidae"
"BCTAEA2","col025",20,"mai",3,"Entomobryomorpha","Entomobryidae","B","totale","avec","2","Entomobryomorpha Entomobryidae"
"BCTAEA3","col123",20,"juin",6,"Poduromorpha","Hypogastruridae","B","totale","avec","3","Poduromorpha Hypogastruridae"
"BCTAEA3","col457",18,"aout",3,"Symphypleona","Neelidae","B","totale","avec","3","Symphypleona Neelidae"
"BCTAEA3","col455",18,"aout",3,"Poduromorpha","Onychiuridae","B","totale","avec","3","Poduromorpha Onychiuridae"
"BCTAEA3","col315",15,"juillet",3,"Entomobryomorpha","Isotomidae","B","totale","avec","3","Entomobryomorpha Isotomidae"
"BCTAEA3","col348",15,"juillet",6,"Poduromorpha","Onychiuridae","B","totale","avec","3","Poduromorpha Onychiuridae"
"BCTAEA3","col349",15,"juillet",6,"Poduromorpha","Onychiuridae","B","totale","avec","3","Poduromorpha Onychiuridae"
"BCTAEA3","col456",18,"aout",3,"Symphypleona","Neelidae","B","totale","avec","3","Symphypleona Neelidae"
"BCTSEA1","col338",15,"juillet",6,"Poduromorpha","Onychiuridae","B","totale","sans","1","Poduromorpha Onychiuridae"
"BCTSEA1","col325",15,"juillet",3,"Entomobryomorpha","Isotomidae","B","totale","sans","1","Entomobryomorpha Isotomidae"
"BCTSEA1","col326",15,"juillet",3,"Poduromorpha","Tullbergidae","B","totale","sans","1","Poduromorpha Tullbergidae"
"BCTSEA1","col335",15,"juillet",6,"Entomobryomorpha","Isotomidae","B","totale","sans","1","Entomobryomorpha Isotomidae"
"BCTSEA1","col329",15,"juillet",3,"Poduromorpha","Hypogastruridae","B","totale","sans","1","Poduromorpha Hypogastruridae"
"BCTSEA1","col336",15,"juillet",6,"Poduromorpha","Hypogastruridae","B","totale","sans","1","Poduromorpha Hypogastruridae"
"BCTSEA1","col330",15,"juillet",3,"Poduromorpha","Tullbergidae","B","totale","sans","1","Poduromorpha Tullbergidae"
"BCTSEA1","col328",15,"juillet",3,"Poduromorpha","Tullbergidae","B","totale","sans","1","Poduromorpha Tullbergidae"
"BCTSEA1","col337",15,"juillet",6,"Poduromorpha","Hypogastruridae","B","totale","sans","1","Poduromorpha Hypogastruridae"
"BCTSEA1","col327",15,"juillet",3,"Poduromorpha","Hypogastruridae","B","totale","sans","1","Poduromorpha Hypogastruridae"
"BCTSEA2","col461",18,"aout",3,"Entomobryomorpha","Isotomidae","B","totale","sans","2","Entomobryomorpha Isotomidae"
"BCTSEA2","col024",20,"mai",3,"Entomobryomorpha","Entomobryidae","B","totale","sans","2","Entomobryomorpha Entomobryidae"
"BCTSEA2","col460",18,"aout",3,"Poduromorpha","Hypogastruridae","B","totale","sans","2","Poduromorpha Hypogastruridae"
"BCTSEA2","col121",20,"juin",6,"Entomobryomorpha","Entomobryidae","B","totale","sans","2","Entomobryomorpha Entomobryidae"
"BCTSEA2","col404",18,"aout",6,"Poduromorpha","Tullbergidae","B","totale","sans","2","Poduromorpha Tullbergidae"
"BCTSEA2","col459",18,"aout",3,"Poduromorpha","Hypogastruridae","B","totale","sans","2","Poduromorpha Hypogastruridae"
"BCTSEA2","col403",18,"aout",6,"Entomobryomorpha","Isotomidae","B","totale","sans","2","Entomobryomorpha Isotomidae"
"BT1","col052",20,"mai",3,"Poduromorpha","Hypogastruridae","B","temoin","sans","temoin","Poduromorpha Hypogastruridae"
"BT1","col122",20,"juin",6,"Entomobryomorpha","Isotomidae","B","temoin","sans","temoin","Entomobryomorpha Isotomidae"
"BT2","col125",20,"juin",6,"Poduromorpha","Neanuridae","B","temoin","sans","temoin","Poduromorpha Neanuridae"
"BT2","col370",15,"juillet",6,"Entomobryomorpha","Isotomidae","B","temoin","sans","temoin","Entomobryomorpha Isotomidae"
"BT3","col323",15,"juillet",6,"Poduromorpha","Onychiuridae","B","temoin","sans","temoin","Poduromorpha Onychiuridae"
"BT3","col320",15,"juillet",6,"Entomobryomorpha","Isotomidae","B","temoin","sans","temoin","Entomobryomorpha Isotomidae"
"BT3","col321",15,"juillet",6,"Entomobryomorpha","Isotomidae","B","temoin","sans","temoin","Entomobryomorpha Isotomidae"
"BT3","col287",15,"juillet",3,"Poduromorpha","Hypogastruridae","B","temoin","sans","temoin","Poduromorpha Hypogastruridae"
"BT3","col322",15,"juillet",6,"Poduromorpha","Onychiuridae","B","temoin","sans","temoin","Poduromorpha Onychiuridae"
"BT3","col283",15,"juillet",3,"Entomobryomorpha","Isotomidae","B","temoin","sans","temoin","Entomobryomorpha Isotomidae"
"BT3","col286",15,"juillet",3,"Entomobryomorpha","Isotomidae","B","temoin","sans","temoin","Entomobryomorpha Isotomidae"
"BT3","col319",15,"juillet",6,"Entomobryomorpha","Isotomidae","B","temoin","sans","temoin","Entomobryomorpha Isotomidae"
"BT3","col405",18,"aout",3,"Poduromorpha","Hypogastruridae","B","temoin","sans","temoin","Poduromorpha Hypogastruridae"
"BT3","col285",15,"juillet",3,"Entomobryomorpha","Isotomidae","B","temoin","sans","temoin","Entomobryomorpha Isotomidae"
"BT3","col318",15,"juillet",6,"Poduromorpha","Onychiuridae","B","temoin","sans","temoin","Poduromorpha Onychiuridae"
"BT3","col284",15,"juillet",3,"Entomobryomorpha","Isotomidae","B","temoin","sans","temoin","Entomobryomorpha Isotomidae"
"CCPAEA1","col010",23,"mai",3,"Poduromorpha","Hypogastruridae","C","partielle","avec","1","Poduromorpha Hypogastruridae"
"CCPAEA1","col012",23,"mai",3,"Entomobryomorpha","Entomobryidae","C","partielle","avec","1","Entomobryomorpha Entomobryidae"
"CCPAEA1","col011",23,"mai",3,"Entomobryomorpha","Isotomidae","C","partielle","avec","1","Entomobryomorpha Isotomidae"
"CCPAEA2","col048",23,"mai",3,"Entomobryomorpha","Entomobryidae","C","partielle","avec","2","Entomobryomorpha Entomobryidae"
"CCPAEA2","col047",23,"mai",3,"Entomobryomorpha","Entomobryidae","C","partielle","avec","2","Entomobryomorpha Entomobryidae"
"CCPAEA3","col159",20,"juin",6,"Poduromorpha","Neanuridae","C","partielle","avec","3","Poduromorpha Neanuridae"
"CCPSEA1","col317",15,"juillet",3,"Entomobryomorpha","Isotomidae","C","partielle","sans","1","Entomobryomorpha Isotomidae"
"CCPSEA1","col316",15,"juillet",3,"Entomobryomorpha","Entomobryidae","C","partielle","sans","1","Entomobryomorpha Entomobryidae"
"CCPSEA1","col030",23,"mai",3,"Entomobryomorpha","Entomobryidae","C","partielle","sans","1","Entomobryomorpha Entomobryidae"
"CCPSEA2","col290",15,"juillet",3,"Entomobryomorpha","Isotomidae","C","partielle","sans","2","Entomobryomorpha Isotomidae"
"CCPSEA2","col054",23,"mai",3,"Entomobryomorpha","Entomobryidae","C","partielle","sans","2","Entomobryomorpha Entomobryidae"
"CCPSEA2","col053",23,"mai",3,"Entomobryomorpha","Entomobryidae","C","partielle","sans","2","Entomobryomorpha Entomobryidae"
"CCPSEA2","col413",18,"aout",3,"Entomobryomorpha","Isotomidae","C","partielle","sans","2","Entomobryomorpha Isotomidae"
"CCPSEA2","col289",15,"juillet",3,"Poduromorpha","Hypogastruridae","C","partielle","sans","2","Poduromorpha Hypogastruridae"
"CCPSEA3","col282",15,"juillet",3,"Poduromorpha","Hypogastruridae","C","partielle","sans","3","Poduromorpha Hypogastruridae"
"CCTAEA1","col458",18,"aout",3,"Entomobryomorpha","Isotomidae","C","totale","avec","1","Entomobryomorpha Isotomidae"
"CCTAEA1","col367",15,"juillet",6,"Entomobryomorpha","Entomobryidae","C","totale","avec","1","Entomobryomorpha Entomobryidae"
"CCTAEA1","col363",15,"juillet",3,"Symphypleona","Dicyrtomidae","C","totale","avec","1","Symphypleona Dicyrtomidae"
"CCTAEA1","col362",15,"juillet",3,"Entomobryomorpha","Isotomidae","C","totale","avec","1","Entomobryomorpha Isotomidae"
"CCTAEA2","col399",15,"juillet",3,"Entomobryomorpha","Isotomidae","C","totale","avec","2","Entomobryomorpha Isotomidae"
"CCTAEA2","col002",23,"mai",3,"Entomobryomorpha","Isotomidae","C","totale","avec","2","Entomobryomorpha Isotomidae"
"CCTAEA2","col003",23,"mai",3,"Poduromorpha","Neanuridae","C","totale","avec","2","Poduromorpha Neanuridae"
"CCTAEA2","col076",23,"mai",3,"Entomobryomorpha","Isotomidae","C","totale","avec","2","Entomobryomorpha Isotomidae"
"CCTAEA2","col077",23,"mai",3,"Entomobryomorpha","Entomobryidae","C","totale","avec","2","Entomobryomorpha Entomobryidae"
"CCTAEA3","col027",23,"mai",3,"Symphypleona","Sminthuridae","C","totale","avec","3","Symphypleona Sminthuridae"
"CCTAEA3","col428",18,"aout",3,"Entomobryomorpha","Isotomidae","C","totale","avec","3","Entomobryomorpha Isotomidae"
"CCTAEA3","col402",18,"aout",6,"Entomobryomorpha","Isotomidae","C","totale","avec","3","Entomobryomorpha Isotomidae"
"CCTSEA1","col480",18,"aout",3,"Entomobryomorpha","Entomobryidae","C","totale","sans","1","Entomobryomorpha Entomobryidae"
"CCTSEA1","col058",23,"mai",3,"Entomobryomorpha","Isotomidae","C","totale","sans","1","Entomobryomorpha Isotomidae"
"CCTSEA1","col481",18,"aout",3,"Entomobryomorpha","Isotomidae","C","totale","sans","1","Entomobryomorpha Isotomidae"
"CCTSEA3","col124",20,"juin",6,"Entomobryomorpha","Isotomidae","C","totale","sans","3","Entomobryomorpha Isotomidae"
"CCTSEA3","col359",15,"juillet",3,"Poduromorpha","Hypogastruridae","C","totale","sans","3","Poduromorpha Hypogastruridae"
"CCTSEA3","col360",15,"juillet",3,"Poduromorpha","Hypogastruridae","C","totale","sans","3","Poduromorpha Hypogastruridae"
"CCTSEA3","col361",15,"juillet",3,"Poduromorpha","Hypogastruridae","C","totale","sans","3","Poduromorpha Hypogastruridae"
"CT1","col001",23,"mai",3,"Entomobryomorpha","Isotomidae","C","temoin","sans","temoin","Entomobryomorpha Isotomidae"
"CT1","col051",23,"mai",3,"Entomobryomorpha","Isotomidae","C","temoin","sans","temoin","Entomobryomorpha Isotomidae"
"CT1","col482",18,"aout",3,"Entomobryomorpha","Isotomidae","C","temoin","sans","temoin","Entomobryomorpha Isotomidae"
"CT2","col041",23,"mai",3,"Poduromorpha","Hypogastruridae","C","temoin","sans","temoin","Poduromorpha Hypogastruridae"
"CT2","col475",18,"aout",3,"Entomobryomorpha","Isotomidae","C","temoin","sans","temoin","Entomobryomorpha Isotomidae"
"CT2","col043",23,"mai",3,"Entomobryomorpha","Entomobryidae","C","temoin","sans","temoin","Entomobryomorpha Entomobryidae"
"CT2","col126",20,"juin",6,"Symphypleona","Sminthurididae","C","temoin","sans","temoin","Symphypleona Sminthurididae"
"CT2","col055",23,"mai",3,"Poduromorpha","Hypogastruridae","C","temoin","sans","temoin","Poduromorpha Hypogastruridae"
"CT2","col042",23,"mai",3,"Poduromorpha","Hypogastruridae","C","temoin","sans","temoin","Poduromorpha Hypogastruridae"
"CT2","col039",23,"mai",3,"Entomobryomorpha","Entomobryidae","C","temoin","sans","temoin","Entomobryomorpha Entomobryidae"
"CT2","col040",23,"mai",3,"Poduromorpha","Hypogastruridae","C","temoin","sans","temoin","Poduromorpha Hypogastruridae"
"CT3","col118",20,"juin",6,"Entomobryomorpha","Isotomidae","C","temoin","sans","temoin","Entomobryomorpha Isotomidae"
"CT3","col045",23,"mai",3,"Poduromorpha","Tullbergidae","C","temoin","sans","temoin","Poduromorpha Tullbergidae"
"CT3","col108",20,"juin",6,"Entomobryomorpha","Isotomidae","C","temoin","sans","temoin","Entomobryomorpha Isotomidae"
"CT3","col094",20,"juin",6,"Entomobryomorpha","Isotomidae","C","temoin","sans","temoin","Entomobryomorpha Isotomidae"
"CT3","col104",20,"juin",6,"Entomobryomorpha","Isotomidae","C","temoin","sans","temoin","Entomobryomorpha Isotomidae"
"CT3","col100",20,"juin",6,"Poduromorpha","Onychiuridae","C","temoin","sans","temoin","Poduromorpha Onychiuridae"
"CT3","col103",20,"juin",6,"Entomobryomorpha","Isotomidae","C","temoin","sans","temoin","Entomobryomorpha Isotomidae"
"CT3","col101",20,"juin",6,"Entomobryomorpha","Isotomidae","C","temoin","sans","temoin","Entomobryomorpha Isotomidae"
"CT3","col106",20,"juin",6,"Entomobryomorpha","Isotomidae","C","temoin","sans","temoin","Entomobryomorpha Isotomidae"
"CT3","col057",23,"mai",3,"Entomobryomorpha","Isotomidae","C","temoin","sans","temoin","Entomobryomorpha Isotomidae"
"CT3","col114",20,"juin",6,"Symphypleona","Sminthurididae","C","temoin","sans","temoin","Symphypleona Sminthurididae"
"CT3","col093",20,"juin",6,"Entomobryomorpha","Isotomidae","C","temoin","sans","temoin","Entomobryomorpha Isotomidae"
"CT3","col107",20,"juin",6,"Entomobryomorpha","Isotomidae","C","temoin","sans","temoin","Entomobryomorpha Isotomidae"
"CT3","col119",20,"juin",6,"Entomobryomorpha","Isotomidae","C","temoin","sans","temoin","Entomobryomorpha Isotomidae"
"CT3","col105",20,"juin",6,"Entomobryomorpha","Isotomidae","C","temoin","sans","temoin","Entomobryomorpha Isotomidae"
"CT3","col102",20,"juin",6,"Entomobryomorpha","Isotomidae","C","temoin","sans","temoin","Entomobryomorpha Isotomidae"
"CT3","col113",20,"juin",6,"Entomobryomorpha","Isotomidae","C","temoin","sans","temoin","Entomobryomorpha Isotomidae"
"CT3","col120",20,"juin",6,"Entomobryomorpha","Isotomidae","C","temoin","sans","temoin","Entomobryomorpha Isotomidae"
"CT3","col112",20,"juin",6,"Entomobryomorpha","Isotomidae","C","temoin","sans","temoin","Entomobryomorpha Isotomidae"
"CT3","col095",20,"juin",6,"Entomobryomorpha","Isotomidae","C","temoin","sans","temoin","Entomobryomorpha Isotomidae"
"CT3","col109",20,"juin",6,"Entomobryomorpha","Isotomidae","C","temoin","sans","temoin","Entomobryomorpha Isotomidae"
"CT3","col044",23,"mai",3,"Poduromorpha","Tullbergidae","C","temoin","sans","temoin","Poduromorpha Tullbergidae"
"CT3","col117",20,"juin",6,"Entomobryomorpha","Isotomidae","C","temoin","sans","temoin","Entomobryomorpha Isotomidae"
"CT3","col099",20,"juin",6,"Entomobryomorpha","Isotomidae","C","temoin","sans","temoin","Entomobryomorpha Isotomidae"
"CT3","col096",20,"juin",6,"Entomobryomorpha","Isotomidae","C","temoin","sans","temoin","Entomobryomorpha Isotomidae"
"CT3","col098",20,"juin",6,"Entomobryomorpha","Isotomidae","C","temoin","sans","temoin","Entomobryomorpha Isotomidae"
"CT3","col056",23,"mai",3,"Poduromorpha","Hypogastruridae","C","temoin","sans","temoin","Poduromorpha Hypogastruridae"
"CT3","col097",20,"juin",6,"Entomobryomorpha","Isotomidae","C","temoin","sans","temoin","Entomobryomorpha Isotomidae"
"CT3","col110",20,"juin",6,"Entomobryomorpha","Isotomidae","C","temoin","sans","temoin","Entomobryomorpha Isotomidae"
"CT3","col111",20,"juin",6,"Entomobryomorpha","Isotomidae","C","temoin","sans","temoin","Entomobryomorpha Isotomidae"
"DCPAEA1","col147",16,"juin",6,"Entomobryomorpha","Entomobryidae","D","partielle","avec","1","Entomobryomorpha Entomobryidae"
"DCPAEA1","col148",16,"juin",6,"Poduromorpha","Neanuridae","D","partielle","avec","1","Poduromorpha Neanuridae"
"DCPAEA1","col280",16,"juin",6,"Entomobryomorpha","Isotomidae","D","partielle","avec","1","Entomobryomorpha Isotomidae"
"DCPAEA2","col154",16,"juin",6,"Poduromorpha","Neanuridae","D","partielle","avec","2","Poduromorpha Neanuridae"
"DCPAEA2","col381",11,"juillet",3,"Entomobryomorpha","Isotomidae","D","partielle","avec","2","Entomobryomorpha Isotomidae"
"DCPAEA2","col373",11,"juillet",6,"Entomobryomorpha","Isotomidae","D","partielle","avec","2","Entomobryomorpha Isotomidae"
"DCPAEA2","col155",16,"juin",6,"Poduromorpha","Neanuridae","D","partielle","avec","2","Poduromorpha Neanuridae"
"DCPAEA2","col382",11,"juillet",3,"Entomobryomorpha","Isotomidae","D","partielle","avec","2","Entomobryomorpha Isotomidae"
"DCPAEA2","col383",11,"juillet",3,"Entomobryomorpha","Isotomidae","D","partielle","avec","2","Entomobryomorpha Isotomidae"
"DCPAEA2","col153",16,"juin",6,"Entomobryomorpha","Entomobryidae","D","partielle","avec","2","Entomobryomorpha Entomobryidae"
"DCPAEA2","col374",11,"juillet",6,"Poduromorpha","Hypogastruridae","D","partielle","avec","2","Poduromorpha Hypogastruridae"
"DCPAEA3","col242",16,"juin",6,"Entomobryomorpha","Isotomidae","D","partielle","avec","3","Entomobryomorpha Isotomidae"
"DCPAEA3","col243",16,"juin",6,"Poduromorpha","Onychiuridae","D","partielle","avec","3","Poduromorpha Onychiuridae"
"DCPAEA3","col227",16,"juin",6,"Entomobryomorpha","Isotomidae","D","partielle","avec","3","Entomobryomorpha Isotomidae"
"DCPAEA3","col241",16,"juin",6,"Entomobryomorpha","Isotomidae","D","partielle","avec","3","Entomobryomorpha Isotomidae"
"DCPAEA3","col240",16,"juin",6,"Entomobryomorpha","Isotomidae","D","partielle","avec","3","Entomobryomorpha Isotomidae"
"DCPAEA3","col265",16,"juin",6,"Entomobryomorpha","Isotomidae","D","partielle","avec","3","Entomobryomorpha Isotomidae"
"DCPAEA3","col266",16,"juin",6,"Entomobryomorpha","Isotomidae","D","partielle","avec","3","Entomobryomorpha Isotomidae"
"DCPAEA3","col239",16,"juin",6,"Entomobryomorpha","Isotomidae","D","partielle","avec","3","Entomobryomorpha Isotomidae"
"DCPAEA3","col236",16,"juin",6,"Entomobryomorpha","Isotomidae","D","partielle","avec","3","Entomobryomorpha Isotomidae"
"DCPAEA3","col251",16,"juin",6,"Entomobryomorpha","Isotomidae","D","partielle","avec","3","Entomobryomorpha Isotomidae"
"DCPAEA3","col223",16,"juin",6,"Poduromorpha","Onychiuridae","D","partielle","avec","3","Poduromorpha Onychiuridae"
"DCPAEA3","col267",16,"juin",6,"Entomobryomorpha","Isotomidae","D","partielle","avec","3","Entomobryomorpha Isotomidae"
"DCPAEA3","col253",16,"juin",6,"Entomobryomorpha","Isotomidae","D","partielle","avec","3","Entomobryomorpha Isotomidae"
"DCPAEA3","col268",16,"juin",6,"Poduromorpha","Onychiuridae","D","partielle","avec","3","Poduromorpha Onychiuridae"
"DCPAEA3","col230",16,"juin",6,"Entomobryomorpha","Isotomidae","D","partielle","avec","3","Entomobryomorpha Isotomidae"
"DCPAEA3","col252",16,"juin",6,"Entomobryomorpha","Isotomidae","D","partielle","avec","3","Entomobryomorpha Isotomidae"
"DCPAEA3","col371",11,"juillet",3,"Symphypleona","Dicyrtomidae","D","partielle","avec","3","Symphypleona Dicyrtomidae"
"DCPAEA3","col222",16,"juin",6,"Poduromorpha","Onychiuridae","D","partielle","avec","3","Poduromorpha Onychiuridae"
"DCPAEA3","col264",16,"juin",6,"Entomobryomorpha","Isotomidae","D","partielle","avec","3","Entomobryomorpha Isotomidae"
"DCPAEA3","col246",16,"juin",6,"Entomobryomorpha","Isotomidae","D","partielle","avec","3","Entomobryomorpha Isotomidae"
"DCPAEA3","col238",16,"juin",6,"Entomobryomorpha","Isotomidae","D","partielle","avec","3","Entomobryomorpha Isotomidae"
"DCPAEA3","col225",16,"juin",6,"Poduromorpha","Onychiuridae","D","partielle","avec","3","Poduromorpha Onychiuridae"
"DCPAEA3","col254",16,"juin",6,"Entomobryomorpha","Isotomidae","D","partielle","avec","3","Entomobryomorpha Isotomidae"
"DCPAEA3","col250",16,"juin",6,"Entomobryomorpha","Isotomidae","D","partielle","avec","3","Entomobryomorpha Isotomidae"
"DCPAEA3","col224",16,"juin",6,"Poduromorpha","Onychiuridae","D","partielle","avec","3","Poduromorpha Onychiuridae"
"DCPAEA3","col245",16,"juin",6,"Entomobryomorpha","Isotomidae","D","partielle","avec","3","Entomobryomorpha Isotomidae"
"DCPAEA3","col259",16,"juin",6,"Entomobryomorpha","Isotomidae","D","partielle","avec","3","Entomobryomorpha Isotomidae"
"DCPAEA3","col269",16,"juin",6,"Entomobryomorpha","Isotomidae","D","partielle","avec","3","Entomobryomorpha Isotomidae"
"DCPAEA3","col244",16,"juin",6,"Poduromorpha","Neanuridae","D","partielle","avec","3","Poduromorpha Neanuridae"
"DCPAEA3","col237",16,"juin",6,"Entomobryomorpha","Isotomidae","D","partielle","avec","3","Entomobryomorpha Isotomidae"
"DCPAEA3","col235",16,"juin",6,"Entomobryomorpha","Isotomidae","D","partielle","avec","3","Entomobryomorpha Isotomidae"
"DCPAEA3","col226",16,"juin",6,"Poduromorpha","Tullbergidae","D","partielle","avec","3","Poduromorpha Tullbergidae"
"DCPAEA3","col247",16,"juin",6,"Entomobryomorpha","Isotomidae","D","partielle","avec","3","Entomobryomorpha Isotomidae"
"DCPAEA3","col270",16,"juin",6,"Entomobryomorpha","Isotomidae","D","partielle","avec","3","Entomobryomorpha Isotomidae"
"DCPAEA3","col231",16,"juin",6,"Entomobryomorpha","Isotomidae","D","partielle","avec","3","Entomobryomorpha Isotomidae"
"DCPAEA3","col257",16,"juin",6,"Entomobryomorpha","Isotomidae","D","partielle","avec","3","Entomobryomorpha Isotomidae"
"DCPAEA3","col221",16,"juin",6,"Poduromorpha","Onychiuridae","D","partielle","avec","3","Poduromorpha Onychiuridae"
"DCPAEA3","col262",16,"juin",6,"Entomobryomorpha","Isotomidae","D","partielle","avec","3","Entomobryomorpha Isotomidae"
"DCPAEA3","col263",16,"juin",6,"Entomobryomorpha","Isotomidae","D","partielle","avec","3","Entomobryomorpha Isotomidae"
"DCPAEA3","col249",16,"juin",6,"Entomobryomorpha","Isotomidae","D","partielle","avec","3","Entomobryomorpha Isotomidae"
"DCPAEA3","col256",16,"juin",6,"Entomobryomorpha","Isotomidae","D","partielle","avec","3","Entomobryomorpha Isotomidae"
"DCPAEA3","col260",16,"juin",6,"Entomobryomorpha","Isotomidae","D","partielle","avec","3","Entomobryomorpha Isotomidae"
"DCPAEA3","col228",16,"juin",6,"Entomobryomorpha","Isotomidae","D","partielle","avec","3","Entomobryomorpha Isotomidae"
"DCPAEA3","col229",16,"juin",6,"Entomobryomorpha","Isotomidae","D","partielle","avec","3","Entomobryomorpha Isotomidae"
"DCPAEA3","col220",16,"juin",6,"Poduromorpha","Onychiuridae","D","partielle","avec","3","Poduromorpha Onychiuridae"
"DCPAEA3","col234",16,"juin",6,"Entomobryomorpha","Isotomidae","D","partielle","avec","3","Entomobryomorpha Isotomidae"
"DCPAEA3","col261",16,"juin",6,"Entomobryomorpha","Isotomidae","D","partielle","avec","3","Entomobryomorpha Isotomidae"
"DCPAEA3","col248",16,"juin",6,"Entomobryomorpha","Isotomidae","D","partielle","avec","3","Entomobryomorpha Isotomidae"
"DCPAEA3","col232",16,"juin",6,"Entomobryomorpha","Isotomidae","D","partielle","avec","3","Entomobryomorpha Isotomidae"
"DCPAEA3","col258",16,"juin",6,"Entomobryomorpha","Isotomidae","D","partielle","avec","3","Entomobryomorpha Isotomidae"
"DCPAEA3","col255",16,"juin",6,"Entomobryomorpha","Isotomidae","D","partielle","avec","3","Entomobryomorpha Isotomidae"
"DCPAEA3","col233",16,"juin",6,"Poduromorpha","Onychiuridae","D","partielle","avec","3","Poduromorpha Onychiuridae"
"DCPSEA1","col425",14,"aout",3,"Entomobryomorpha","Tomoceridae","D","partielle","sans","1","Entomobryomorpha Tomoceridae"
"DCPSEA1","col426",14,"aout",3,"Entomobryomorpha","Isotomidae","D","partielle","sans","1","Entomobryomorpha Isotomidae"
"DCPSEA1","col209",16,"juin",6,"Symphypleona","Sminthuridae","D","partielle","sans","1","Symphypleona Sminthuridae"
"DCPSEA2","col089",23,"mai",3,"Poduromorpha","Hypogastruridae","D","partielle","sans","2","Poduromorpha Hypogastruridae"
"DCPSEA2","col170",16,"juin",6,"Symphypleona","Sminthurididae","D","partielle","sans","2","Symphypleona Sminthurididae"
"DCPSEA2","col090",23,"mai",3,"Poduromorpha","Hypogastruridae","D","partielle","sans","2","Poduromorpha Hypogastruridae"
"DCPSEA2","col171",16,"juin",6,"Entomobryomorpha","Entomobryidae","D","partielle","sans","2","Entomobryomorpha Entomobryidae"
"DCPSEA2","col088",23,"mai",3,"Poduromorpha","Hypogastruridae","D","partielle","sans","2","Poduromorpha Hypogastruridae"
"DCPSEA3","col036",23,"mai",3,"Poduromorpha","Hypogastruridae","D","partielle","sans","3","Poduromorpha Hypogastruridae"
"DCPSEA3","col031",23,"mai",3,"Entomobryomorpha","Entomobryidae","D","partielle","sans","3","Entomobryomorpha Entomobryidae"
"DCPSEA3","col035",23,"mai",3,"Entomobryomorpha","Entomobryidae","D","partielle","sans","3","Entomobryomorpha Entomobryidae"
"DCPSEA3","col034",23,"mai",3,"Poduromorpha","Hypogastruridae","D","partielle","sans","3","Poduromorpha Hypogastruridae"
"DCPSEA3","col288",11,"juillet",3,"Symphypleona","Sminthurididae","D","partielle","sans","3","Symphypleona Sminthurididae"
"DCPSEA3","col032",23,"mai",3,"Entomobryomorpha","Entomobryidae","D","partielle","sans","3","Entomobryomorpha Entomobryidae"
"DCPSEA3","col037",23,"mai",3,"Poduromorpha","Hypogastruridae","D","partielle","sans","3","Poduromorpha Hypogastruridae"
"DCPSEA3","col033",23,"mai",3,"Entomobryomorpha","Entomobryidae","D","partielle","sans","3","Entomobryomorpha Entomobryidae"
"DCTAEA1","col437",14,"aout",3,"Poduromorpha","Hypogastruridae","D","totale","avec","1","Poduromorpha Hypogastruridae"
"DCTAEA1","col432",14,"aout",3,"Poduromorpha","Hypogastruridae","D","totale","avec","1","Poduromorpha Hypogastruridae"
"DCTAEA1","col433",14,"aout",3,"Poduromorpha","Hypogastruridae","D","totale","avec","1","Poduromorpha Hypogastruridae"
"DCTAEA1","col431",14,"aout",3,"Poduromorpha","Hypogastruridae","D","totale","avec","1","Poduromorpha Hypogastruridae"
"DCTAEA1","col436",14,"aout",3,"Poduromorpha","Hypogastruridae","D","totale","avec","1","Poduromorpha Hypogastruridae"
"DCTAEA1","col434",14,"aout",3,"Poduromorpha","Hypogastruridae","D","totale","avec","1","Poduromorpha Hypogastruridae"
"DCTAEA1","col435",14,"aout",3,"Poduromorpha","Hypogastruridae","D","totale","avec","1","Poduromorpha Hypogastruridae"
"DCTAEA2","col353",11,"juillet",3,"Symphypleona","Katiannidae","D","totale","avec","2","Symphypleona Katiannidae"
"DCTAEA2","col351",11,"juillet",3,"Poduromorpha","Onychiuridae","D","totale","avec","2","Poduromorpha Onychiuridae"
"DCTAEA2","col354",11,"juillet",3,"Poduromorpha","Tullbergidae","D","totale","avec","2","Poduromorpha Tullbergidae"
"DCTAEA2","col352",11,"juillet",3,"Poduromorpha","Hypogastruridae","D","totale","avec","2","Poduromorpha Hypogastruridae"
"DCTAEA2","col050",23,"mai",3,"Entomobryomorpha","Isotomidae","D","totale","avec","2","Entomobryomorpha Isotomidae"
"DCTAEA3","col376",11,"juillet",3,"Entomobryomorpha","Isotomidae","D","totale","avec","3","Entomobryomorpha Isotomidae"
"DCTAEA3","col081",23,"mai",3,"Poduromorpha","Tullbergidae","D","totale","avec","3","Poduromorpha Tullbergidae"
"DCTAEA3","col375",11,"juillet",3,"Entomobryomorpha","Isotomidae","D","totale","avec","3","Entomobryomorpha Isotomidae"
"DCTAEA3","col407",14,"aout",3,"Entomobryomorpha","Tomoceridae","D","totale","avec","3","Entomobryomorpha Tomoceridae"
"DCTAEA3","col378",11,"juillet",3,"Entomobryomorpha","Isotomidae","D","totale","avec","3","Entomobryomorpha Isotomidae"
"DCTAEA3","col377",11,"juillet",3,"Entomobryomorpha","Isotomidae","D","totale","avec","3","Entomobryomorpha Isotomidae"
"DCTSEA1","col071",23,"mai",3,"Poduromorpha","Hypogastruridae","D","totale","sans","1","Poduromorpha Hypogastruridae"
"DCTSEA1","col311",11,"juillet",3,"Poduromorpha","Hypogastruridae","D","totale","sans","1","Poduromorpha Hypogastruridae"
"DCTSEA1","col452",14,"aout",6,"Poduromorpha","Hypogastruridae","D","totale","sans","1","Poduromorpha Hypogastruridae"
"DCTSEA1","col310",11,"juillet",3,"Poduromorpha","Tullbergidae","D","totale","sans","1","Poduromorpha Tullbergidae"
"DCTSEA1","col450",14,"aout",6,"Poduromorpha","Onychiuridae","D","totale","sans","1","Poduromorpha Onychiuridae"
"DCTSEA1","col070",23,"mai",3,"Poduromorpha","Tullbergidae","D","totale","sans","1","Poduromorpha Tullbergidae"
"DCTSEA1","col314",11,"juillet",3,"Poduromorpha","Onychiuridae","D","totale","sans","1","Poduromorpha Onychiuridae"
"DCTSEA1","col020",23,"mai",3,"Symphypleona","Sminthuridae","D","totale","sans","1","Symphypleona Sminthuridae"
"DCTSEA1","col019",23,"mai",3,"Symphypleona","Sminthuridae","D","totale","sans","1","Symphypleona Sminthuridae"
"DCTSEA1","col451",14,"aout",6,"Poduromorpha","Onychiuridae","D","totale","sans","1","Poduromorpha Onychiuridae"
"DCTSEA1","col454",14,"aout",6,"Poduromorpha","Hypogastruridae","D","totale","sans","1","Poduromorpha Hypogastruridae"
"DCTSEA1","col069",23,"mai",3,"Symphypleona","Sminthurididae","D","totale","sans","1","Symphypleona Sminthurididae"
"DCTSEA1","col308",11,"juillet",3,"Poduromorpha","Hypogastruridae","D","totale","sans","1","Poduromorpha Hypogastruridae"
"DCTSEA1","col309",11,"juillet",3,"Symphypleona","Neelidae","D","totale","sans","1","Symphypleona Neelidae"
"DCTSEA1","col313",11,"juillet",3,"Symphypleona","Dicyrtomidae","D","totale","sans","1","Symphypleona Dicyrtomidae"
"DCTSEA1","col312",11,"juillet",3,"Poduromorpha","Hypogastruridae","D","totale","sans","1","Poduromorpha Hypogastruridae"
"DCTSEA1","col350",11,"juillet",6,"Poduromorpha","Tullbergidae","D","totale","sans","1","Poduromorpha Tullbergidae"
"DCTSEA1","col453",14,"aout",6,"Poduromorpha","Hypogastruridae","D","totale","sans","1","Poduromorpha Hypogastruridae"
"DCTSEA1","col068",23,"mai",3,"Entomobryomorpha","Isotomidae","D","totale","sans","1","Entomobryomorpha Isotomidae"
"DCTSEA2","col446",14,"aout",3,"Poduromorpha","Hypogastruridae","D","totale","sans","2","Poduromorpha Hypogastruridae"
"DCTSEA2","col445",14,"aout",3,"Entomobryomorpha","Isotomidae","D","totale","sans","2","Entomobryomorpha Isotomidae"
"DCTSEA2","col412",14,"aout",6,"Entomobryomorpha","Isotomidae","D","totale","sans","2","Entomobryomorpha Isotomidae"
"DCTSEA2","col449",14,"aout",3,"Symphypleona","Neelidae","D","totale","sans","2","Symphypleona Neelidae"
"DCTSEA2","col443",14,"aout",3,"Symphypleona","Neelidae","D","totale","sans","2","Symphypleona Neelidae"
"DCTSEA2","col447",14,"aout",3,"Poduromorpha","Hypogastruridae","D","totale","sans","2","Poduromorpha Hypogastruridae"
"DCTSEA2","col448",14,"aout",3,"Entomobryomorpha","Isotomidae","D","totale","sans","2","Entomobryomorpha Isotomidae"
"DCTSEA2","col444",14,"aout",3,"Entomobryomorpha","Isotomidae","D","totale","sans","2","Entomobryomorpha Isotomidae"
"DCTSEA2","col442",14,"aout",3,"Symphypleona","Neelidae","D","totale","sans","2","Symphypleona Neelidae"
"DCTSEA3","col368",11,"juillet",3,"Entomobryomorpha","Tomoceridae","D","totale","sans","3","Entomobryomorpha Tomoceridae"
"DCTSEA3","col429",14,"aout",3,"Symphypleona","Katiannidae","D","totale","sans","3","Symphypleona Katiannidae"
"DCTSEA3","col415",14,"aout",6,"Poduromorpha","Hypogastruridae","D","totale","sans","3","Poduromorpha Hypogastruridae"
"DCTSEA3","col430",14,"aout",3,"Poduromorpha","Hypogastruridae","D","totale","sans","3","Poduromorpha Hypogastruridae"
"DT1","col416",14,"aout",3,"Entomobryomorpha","Isotomidae","D","temoin","sans","temoin","Entomobryomorpha Isotomidae"
"DT1","col417",14,"aout",3,"Poduromorpha","Tullbergidae","D","temoin","sans","temoin","Poduromorpha Tullbergidae"
"DT1","col418",14,"aout",3,"Symphypleona","Neelidae","D","temoin","sans","temoin","Symphypleona Neelidae"
"DT1","col281",11,"juillet",3,"Entomobryomorpha","Isotomidae","D","temoin","sans","temoin","Entomobryomorpha Isotomidae"
"DT1","col420",14,"aout",3,"Symphypleona","Neelidae","D","temoin","sans","temoin","Symphypleona Neelidae"
"DT1","col092",16,"juin",6,"Poduromorpha","Hypogastruridae","D","temoin","sans","temoin","Poduromorpha Hypogastruridae"
"DT1","col439",14,"aout",6,"Symphypleona","Neelidae","D","temoin","sans","temoin","Symphypleona Neelidae"
"DT1","col421",14,"aout",3,"Symphypleona","Neelidae","D","temoin","sans","temoin","Symphypleona Neelidae"
"DT1","col423",14,"aout",3,"Entomobryomorpha","Isotomidae","D","temoin","sans","temoin","Entomobryomorpha Isotomidae"
"DT1","col419",14,"aout",3,"Symphypleona","Neelidae","D","temoin","sans","temoin","Symphypleona Neelidae"
"DT1","col441",14,"aout",6,"Poduromorpha","Hypogastruridae","D","temoin","sans","temoin","Poduromorpha Hypogastruridae"
"DT1","col083",23,"mai",3,"Poduromorpha","Hypogastruridae","D","temoin","sans","temoin","Poduromorpha Hypogastruridae"
"DT1","col438",14,"aout",6,"Symphypleona","Neelidae","D","temoin","sans","temoin","Symphypleona Neelidae"
"DT1","col084",23,"mai",3,"Entomobryomorpha","Isotomidae","D","temoin","sans","temoin","Entomobryomorpha Isotomidae"
"DT1","col422",14,"aout",3,"Symphypleona","Neelidae","D","temoin","sans","temoin","Symphypleona Neelidae"
"DT1","col085",23,"mai",3,"Entomobryomorpha","Isotomidae","D","temoin","sans","temoin","Entomobryomorpha Isotomidae"
"DT1","col082",23,"mai",3,"Poduromorpha","Hypogastruridae","D","temoin","sans","temoin","Poduromorpha Hypogastruridae"
"DT1","col424",14,"aout",3,"Entomobryomorpha","Isotomidae","D","temoin","sans","temoin","Entomobryomorpha Isotomidae"
"DT1","col440",14,"aout",6,"Poduromorpha","Onychiuridae","D","temoin","sans","temoin","Poduromorpha Onychiuridae"
"DT2","col406",14,"aout",6,"Entomobryomorpha","Isotomidae","D","temoin","sans","temoin","Entomobryomorpha Isotomidae"
"DT2","col169",16,"juin",6,"Poduromorpha","Hypogastruridae","D","temoin","sans","temoin","Poduromorpha Hypogastruridae"
"DT2","col165",16,"juin",6,"Poduromorpha","Hypogastruridae","D","temoin","sans","temoin","Poduromorpha Hypogastruridae"
"DT2","col401",11,"juillet",3,"Poduromorpha","Hypogastruridae","D","temoin","sans","temoin","Poduromorpha Hypogastruridae"
"DT2","col166",16,"juin",6,"Poduromorpha","Hypogastruridae","D","temoin","sans","temoin","Poduromorpha Hypogastruridae"
"DT2","col163",16,"juin",6,"Poduromorpha","Hypogastruridae","D","temoin","sans","temoin","Poduromorpha Hypogastruridae"
"DT2","col164",16,"juin",6,"Poduromorpha","Hypogastruridae","D","temoin","sans","temoin","Poduromorpha Hypogastruridae"
"DT2","col167",16,"juin",6,"Poduromorpha","Hypogastruridae","D","temoin","sans","temoin","Poduromorpha Hypogastruridae"
"DT2","col168",16,"juin",6,"Entomobryomorpha","Isotomidae","D","temoin","sans","temoin","Entomobryomorpha Isotomidae"
"DT2","col400",11,"juillet",3,"Entomobryomorpha","Isotomidae","D","temoin","sans","temoin","Entomobryomorpha Isotomidae"
"DT2","col466",14,"aout",3,"Entomobryomorpha","Entomobryidae","D","temoin","sans","temoin","Entomobryomorpha Entomobryidae"
"DT3","col411",14,"aout",6,"Entomobryomorpha","Isotomidae","D","temoin","sans","temoin","Entomobryomorpha Isotomidae"
"DT3","col471",14,"aout",3,"Poduromorpha","Tullbergidae","D","temoin","sans","temoin","Poduromorpha Tullbergidae"
"DT3","col022",23,"mai",3,"Entomobryomorpha","Isotomidae","D","temoin","sans","temoin","Entomobryomorpha Isotomidae"
"DT3","col161",16,"juin",6,"Entomobryomorpha","Isotomidae","D","temoin","sans","temoin","Entomobryomorpha Isotomidae"
"DT3","col472",14,"aout",3,"Entomobryomorpha","Isotomidae","D","temoin","sans","temoin","Entomobryomorpha Isotomidae"
"DT3","col469",14,"aout",3,"Entomobryomorpha","Isotomidae","D","temoin","sans","temoin","Entomobryomorpha Isotomidae"
"DT3","col470",14,"aout",3,"Entomobryomorpha","Isotomidae","D","temoin","sans","temoin","Entomobryomorpha Isotomidae"
"DT3","col410",14,"aout",6,"Entomobryomorpha","Isotomidae","D","temoin","sans","temoin","Entomobryomorpha Isotomidae"
"DT3","col409",14,"aout",6,"Entomobryomorpha","Isotomidae","D","temoin","sans","temoin","Entomobryomorpha Isotomidae"
"DT3","col473",14,"aout",3,"Entomobryomorpha","Isotomidae","D","temoin","sans","temoin","Entomobryomorpha Isotomidae"
"DT3","col467",14,"aout",3,"Entomobryomorpha","Isotomidae","D","temoin","sans","temoin","Entomobryomorpha Isotomidae"
"DT3","col468",14,"aout",3,"Symphypleona","Sminthurididae","D","temoin","sans","temoin","Symphypleona Sminthurididae"
